"recordIdentifier","recordType","organizationCustomerIdentifier","programCustomerIdentifier","memberCustomerIdentifier","previousMemberCustomerIdentifier","memberStatus","fullName","firstName","middleName","lastName","streetLine1","streetLine2","city","state","postalCode","country","phoneNumber","emailAddress","membershipStartDate","membershipEndDate","productIdentifier","productTemplateField1","productTemplateField2","productTemplateField3","productTemplateField4","productTemplateField5"
"218b2872-87f8-4ab7-a60a-d582cfa9e1d2","MEM_SYN","160","1504","9900001","NULL","OPEN","NULL","Sam2","William","Gossin","183 Timbercreek Way","345","West Valley City","UT","84119","US","801 111 1111","test1234@gossinindustries.com","NULL","20131107","NULL","NULL","NULL","NULL","NULL","NULL"
"984a9569-9e51-42d2-baf8-f40d82f87aa0","MEM_SYN","160","1504","9900002","prevMbrId","OPEN","fullName","Bill","NULL","Gephardt","184 Timber","","S SLC","UT","84119","US","801 222 2222","test23456@gossinindustries.com","startDate","20131107","productId","template1","template1","template2","template3","template4","template5"
"f0f0bf7d-7f36-43de-9e5c-338932d0ed0f","MEM_SYN","160","8488","10940461","NULL","OPEN","NULL","tom","NULL","","","NULL","","WI","12345","","NULL","here@there.com","NULL","20300101","NULL","NULL","NULL","NULL","NULL","NULL"
"ed7bbf21-7914-4c88-8727-3f85fb558e2f","MEM_SYN","160","8488","10940474","NULL","OPEN","NULL","tom","NULL","","","NULL","","WI","12345","","NULL","here@there.com","NULL","20300101","NULL","NULL","NULL","NULL","NULL","NULL"
"d05c2cdd-d014-43bb-afae-f28098c7e333","MEM_SYN","160","8488","10940487","NULL","OPEN","NULL","tom","NULL","","","NULL","","WI","12345","","NULL","here@there.com","NULL","20300101","NULL","NULL","NULL","NULL","NULL","NULL"
"d58e331a-535c-497f-a8ef-413b30af580a","MEM_SYN","160","8488","10940500","NULL","OPEN","NULL","tom","NULL","","","NULL","","WI","12345","","NULL","here@there.com","NULL","20300101","NULL","NULL","NULL","NULL","NULL","NULL"
"74ce0387-8b19-4cfb-a022-ac2a2d697223","MEM_SYN","160","8488","10940513","NULL","OPEN","NULL","tom","NULL","","","NULL","","WI","12345","","NULL","here@there.com","NULL","20300101","NULL","NULL","NULL","NULL","NULL","NULL"
"39d6b771-1a7f-4d20-8631-9b35d4e9b3c9","MEM_SYN","160","8488","10940539","NULL","OPEN","NULL","tom","NULL","","","NULL","","WI","12345","","NULL","here@there.com","NULL","20300101","NULL","NULL","NULL","NULL","NULL","NULL"
"1b0cc565-b78c-412a-8b67-f61caaf166d8","MEM_SYN","160","8488","10940552","NULL","OPEN","NULL","tom","NULL","","","NULL","","WI","12345","","NULL","here@there.com","NULL","20300101","NULL","NULL","NULL","NULL","NULL","NULL"
"6213dfb7-d313-45f6-81e8-7bf82c869af8","MEM_SYN","160","8488","10940565","NULL","OPEN","NULL","tom","NULL","","","NULL","","WI","12345","","NULL","here@there.com","NULL","20300101","NULL","NULL","NULL","NULL","NULL","NULL"
"01e0aa59-53e9-4ac8-afe8-7c51b2b99bc0","MEM_SYN","160","8488","10940578","NULL","OPEN","NULL","tom","NULL","","","NULL","","WI","12345","","NULL","here@there.com","NULL","20300101","NULL","NULL","NULL","NULL","NULL","NULL"
"eaa756b0-eeff-49fa-ad4a-2af443f30896","MEM_SYN","160","8488","10940591","NULL","OPEN","NULL","tom","NULL","","","NULL","","WI","12345","","NULL","here@there.com","NULL","20300101","NULL","NULL","NULL","NULL","NULL","NULL"
"62c306c2-80b9-4ef5-b44a-757c7dcaf271","MEM_SYN","160","8488","10940604","NULL","OPEN","NULL","tom","NULL","","","NULL","","WI","12345","","NULL","here@there.com","NULL","20300101","NULL","NULL","NULL","NULL","NULL","NULL"
"19aa80aa-7c7e-4917-8912-0eae7d7ddc3a","MEM_SYN","160","8488","10940617","NULL","OPEN","NULL","tom","NULL","","","NULL","","WI","12345","","NULL","here@there.com","NULL","20300101","NULL","NULL","NULL","NULL","NULL","NULL"
"10e562e2-c2e8-41cd-83d8-3700814c00d8","MEM_SYN","160","8488","10940630","NULL","OPEN","NULL","tom","NULL","","","NULL","","WI","12345","","NULL","here@there.com","NULL","20300101","NULL","NULL","NULL","NULL","NULL","NULL"
"b61685a4-7cbb-42bf-8591-ae42f5988f6e","MEM_SYN","160","8488","10940643","NULL","OPEN","NULL","tom","NULL","","","NULL","","WI","12345","","NULL","here@there.com","NULL","20300101","NULL","NULL","NULL","NULL","NULL","NULL"
"31aab7b7-6eb8-414c-8340-6c80c29dce24","MEM_SYN","160","8488","10940656","NULL","OPEN","NULL","tom","NULL","","","NULL","","WI","12345","","NULL","here@there.com","NULL","20300101","NULL","NULL","NULL","NULL","NULL","NULL"
"51282a06-8faf-4388-ab85-a01b67f32867","MEM_SYN","160","8488","10940669","NULL","OPEN","NULL","tom","NULL","","","NULL","","WI","12345","","NULL","here@there.com","NULL","20300101","NULL","NULL","NULL","NULL","NULL","NULL"
"dcfd512d-606c-479f-8742-ce5fe56f8ad0","MEM_SYN","160","8488","10940682","NULL","OPEN","NULL","tom","NULL","","","NULL","","WI","12345","","NULL","here@there.com","NULL","20300101","NULL","NULL","NULL","NULL","NULL","NULL"
"eafeb747-40c0-4ecd-8624-431d738da4e7","MEM_SYN","160","8488","10940695","NULL","OPEN","NULL","tom","NULL","","","NULL","","WI","12345","","NULL","here@there.com","NULL","20300101","NULL","NULL","NULL","NULL","NULL","NULL"
"2cb8e1b1-6283-46a7-811a-084cd108b45a","MEM_SYN","160","8488","10940708","NULL","OPEN","NULL","tom","NULL","","","NULL","","WI","12345","","NULL","here@there.com","NULL","20300101","NULL","NULL","NULL","NULL","NULL","NULL"
"b57ec03a-3ddc-4aca-8c85-a7988ca147c0","MEM_SYN","160","8488","10940721","NULL","OPEN","NULL","tom","NULL","","","NULL","","WI","12345","","NULL","here@there.com","NULL","20300101","NULL","NULL","NULL","NULL","NULL","NULL"
"0d777f50-7b34-427f-8c5a-e8b4dadbbc12","MEM_SYN","160","8488","10940734","NULL","OPEN","NULL","tom","NULL","","","NULL","","WI","12345","","NULL","here@there.com","NULL","20300101","NULL","NULL","NULL","NULL","NULL","NULL"
"7a61a184-badb-4e20-877c-380266781594","MEM_SYN","160","8488","10940747","NULL","OPEN","NULL","tom","NULL","","","NULL","","WI","12345","","NULL","here@there.com","NULL","20300101","NULL","NULL","NULL","NULL","NULL","NULL"
"cdef1407-a711-42bf-bfc0-ab2818150a6b","MEM_SYN","160","8488","10940760","NULL","OPEN","NULL","tom","NULL","","","NULL","","WI","12345","","NULL","here@there.com","NULL","20300101","NULL","NULL","NULL","NULL","NULL","NULL"
"0cfea596-36af-48a0-a0e1-61ac653aa101","MEM_SYN","160","8488","10940773","NULL","OPEN","NULL","tom","NULL","","","NULL","","WI","12345","","NULL","here@there.com","NULL","20300101","NULL","NULL","NULL","NULL","NULL","NULL"
"7a87cfa9-6ae8-4c45-83b1-eaaeb7c8a601","MEM_SYN","160","8488","10940786","NULL","OPEN","NULL","tom","NULL","","","NULL","","WI","12345","","NULL","here@there.com","NULL","20300101","NULL","NULL","NULL","NULL","NULL","NULL"
"b961d911-83b7-49c9-a76e-2a62d824d717","MEM_SYN","160","8488","10940799","NULL","OPEN","NULL","tom","NULL","","","NULL","","WI","12345","","NULL","here@there.com","NULL","20300101","NULL","NULL","NULL","NULL","NULL","NULL"
"7bd0e4cf-eb15-42fd-9f19-edcfce7e8ed7","MEM_SYN","160","8488","10940812","NULL","OPEN","NULL","tom","NULL","","","NULL","","WI","12345","","NULL","here@there.com","NULL","20300101","NULL","NULL","NULL","NULL","NULL","NULL"
"b194d322-1356-4865-8116-1a401f66c746","MEM_SYN","160","8488","10940825","NULL","OPEN","NULL","tom","NULL","","","NULL","","WI","12345","","NULL","here@there.com","NULL","20300101","NULL","NULL","NULL","NULL","NULL","NULL"
"5bc4e92e-0c68-40a3-aaab-0965c6e69c68","MEM_SYN","160","8488","10940838","NULL","OPEN","NULL","tom","NULL","","","NULL","","WI","12345","","NULL","here@there.com","NULL","20300101","NULL","NULL","NULL","NULL","NULL","NULL"
"f8c4a2b1-9b91-4365-bdc4-a7d0604e463d","MEM_SYN","160","8488","10940851","NULL","OPEN","NULL","tom","NULL","","","NULL","","WI","12345","","NULL","here@there.com","NULL","20300101","NULL","NULL","NULL","NULL","NULL","NULL"
"35b64373-8848-4d30-8f1f-ca08755b5a15","MEM_SYN","160","8488","10940864","NULL","OPEN","NULL","tom","NULL","","","NULL","","WI","12345","","NULL","here@there.com","NULL","20300101","NULL","NULL","NULL","NULL","NULL","NULL"
"2fee9c6e-d917-4b1e-8332-941c544906a7","MEM_SYN","160","8488","10940877","NULL","OPEN","NULL","tom","NULL","","","NULL","","WI","12345","","NULL","here@there.com","NULL","20300101","NULL","NULL","NULL","NULL","NULL","NULL"
"52258a06-a566-4191-bb65-575cc16af1b0","MEM_SYN","160","8488","10940890","NULL","OPEN","NULL","tom","NULL","","","NULL","","WI","12345","","NULL","here@there.com","NULL","20300101","NULL","NULL","NULL","NULL","NULL","NULL"
"8441453b-e5d2-4287-aa05-ede3330bc911","MEM_SYN","160","8488","10940903","NULL","OPEN","NULL","tom","NULL","","","NULL","","WI","12345","","NULL","here@there.com","NULL","20300101","NULL","NULL","NULL","NULL","NULL","NULL"
"298ab5a9-602a-46cc-8320-83cc15ca9922","MEM_SYN","160","8488","10940916","NULL","OPEN","NULL","tom","NULL","","","NULL","","WI","12345","","NULL","here@there.com","NULL","20300101","NULL","NULL","NULL","NULL","NULL","NULL"
"ce5a4d0a-56bc-4acc-b23d-1cebb9a6368f","MEM_SYN","160","8488","10940929","NULL","OPEN","NULL","tom","NULL","","","NULL","","WI","12345","","NULL","here@there.com","NULL","20300101","NULL","NULL","NULL","NULL","NULL","NULL"
"fd8a6b15-8c7e-46ad-99f5-c69ccf3d6f89","MEM_SYN","160","8488","10940942","NULL","OPEN","NULL","tom","NULL","","","NULL","","WI","12345","","NULL","here@there.com","NULL","20300101","NULL","NULL","NULL","NULL","NULL","NULL"
"bb2c538b-91b8-44c4-ac10-4db8c6d5cb45","MEM_SYN","160","8488","10940955","NULL","OPEN","NULL","tom","NULL","","","NULL","","WI","12345","","NULL","here@there.com","NULL","20300101","NULL","NULL","NULL","NULL","NULL","NULL"
"af3f50aa-e84b-4611-95e6-dc77f8ffd357","MEM_SYN","160","8488","10940968","NULL","OPEN","NULL","tom","NULL","","","NULL","","WI","12345","","NULL","here@there.com","NULL","20300101","NULL","NULL","NULL","NULL","NULL","NULL"
"3a3f083e-5f18-44db-b0f2-1527767ef8ec","MEM_SYN","160","8488","10940981","NULL","OPEN","NULL","tom","NULL","","","NULL","","WI","12345","","NULL","here@there.com","NULL","20300101","NULL","NULL","NULL","NULL","NULL","NULL"
"b5d389b3-34fd-4c22-bac1-44a5f0d7fd09","MEM_SYN","160","8488","10940994","NULL","OPEN","NULL","tom","NULL","","","NULL","","WI","12345","","NULL","here@there.com","NULL","20300101","NULL","NULL","NULL","NULL","NULL","NULL"
"13885b2c-1407-4671-8641-562020cb4724","MEM_SYN","160","8488","10941007","NULL","OPEN","NULL","tom","NULL","","","NULL","","WI","12345","","NULL","here@there.com","NULL","20300101","NULL","NULL","NULL","NULL","NULL","NULL"
"94b9a66d-3913-4399-a62a-6558b975cc5c","MEM_SYN","160","8488","10941020","NULL","OPEN","NULL","tom","NULL","","","NULL","","WI","12345","","NULL","here@there.com","NULL","20300101","NULL","NULL","NULL","NULL","NULL","NULL"
"2fe2d406-ef18-41bf-9a4a-13615a48489e","MEM_SYN","160","8488","10941033","NULL","OPEN","NULL","tom","NULL","","","NULL","","WI","12345","","NULL","here@there.com","NULL","20300101","NULL","NULL","NULL","NULL","NULL","NULL"
"0b62d2f6-e2e8-4e3f-b138-10110dbc5bb2","MEM_SYN","160","8488","10941046","NULL","OPEN","NULL","tom","NULL","","","NULL","","WI","12345","","NULL","here@there.com","NULL","20300101","NULL","NULL","NULL","NULL","NULL","NULL"
"42d15682-30f6-43ac-939d-696d9bf9d6b0","MEM_SYN","160","8488","10941059","NULL","OPEN","NULL","tom","NULL","","","NULL","","WI","12345","","NULL","here@there.com","NULL","20300101","NULL","NULL","NULL","NULL","NULL","NULL"
"c7ed8bf9-ff2b-4f82-b4ce-6b9b8ee45cdf","MEM_SYN","160","8488","10941072","NULL","OPEN","NULL","tom","NULL","","","NULL","","WI","12345","","NULL","here@there.com","NULL","20300101","NULL","NULL","NULL","NULL","NULL","NULL"
"300ddcbc-9e43-45e9-b051-f9a14a57051a","MEM_SYN","160","8488","10941085","NULL","OPEN","NULL","tom","NULL","","","NULL","","WI","12345","","NULL","here@there.com","NULL","20300101","NULL","NULL","NULL","NULL","NULL","NULL"
"2d7fe6de-976d-49ae-b52c-f01b4d88b4d6","MEM_SYN","160","8488","10941098","NULL","OPEN","NULL","tom","NULL","","","NULL","","WI","12345","","NULL","here@there.com","NULL","20300101","NULL","NULL","NULL","NULL","NULL","NULL"
"ff32eb43-2c86-4362-ae1e-53785ba17485","MEM_SYN","160","8488","10941111","NULL","OPEN","NULL","tom","NULL","","","NULL","","WI","12345","","NULL","here@there.com","NULL","20300101","NULL","NULL","NULL","NULL","NULL","NULL"
"28f88f94-88f6-415c-b9a0-96bde6d94173","MEM_SYN","160","8488","10941124","NULL","OPEN","NULL","tom","NULL","","","NULL","","WI","12345","","NULL","here@there.com","NULL","20300101","NULL","NULL","NULL","NULL","NULL","NULL"
"764eb173-4a52-499d-81b4-1369f6c87da5","MEM_SYN","160","8488","10941137","NULL","OPEN","NULL","tom","NULL","","","NULL","","WI","12345","","NULL","here@there.com","NULL","20300101","NULL","NULL","NULL","NULL","NULL","NULL"
"ec08352a-bbe3-4a09-a54d-9ad3a0df35ac","MEM_SYN","160","8488","10941150","NULL","OPEN","NULL","tom","NULL","","","NULL","","WI","12345","","NULL","here@there.com","NULL","20300101","NULL","NULL","NULL","NULL","NULL","NULL"
"d3d2c850-e544-4918-98be-7c29ec8eae8b","MEM_SYN","160","8488","10941163","NULL","OPEN","NULL","tom","NULL","","","NULL","","WI","12345","","NULL","here@there.com","NULL","20300101","NULL","NULL","NULL","NULL","NULL","NULL"
"0cea8175-610f-4321-80ec-c9da49def4cf","MEM_SYN","160","8488","10941176","NULL","OPEN","NULL","tom","NULL","","","NULL","","WI","12345","","NULL","here@there.com","NULL","20300101","NULL","NULL","NULL","NULL","NULL","NULL"
"735056ff-a336-45e7-b693-6683a4daf910","MEM_SYN","160","8488","10941189","NULL","OPEN","NULL","tom","NULL","","","NULL","","WI","12345","","NULL","here@there.com","NULL","20300101","NULL","NULL","NULL","NULL","NULL","NULL"
"12d93e59-f4d6-4c65-9cb1-355f6a328d80","MEM_SYN","160","8488","10941202","NULL","OPEN","NULL","tom","NULL","","","NULL","","WI","12345","","NULL","here@there.com","NULL","20300101","NULL","NULL","NULL","NULL","NULL","NULL"
"19b617e1-2ead-46bd-aa2e-d13b6606f10c","MEM_SYN","160","8488","10941215","NULL","OPEN","NULL","tom","NULL","","","NULL","","WI","12345","","NULL","here@there.com","NULL","20300101","NULL","NULL","NULL","NULL","NULL","NULL"
"fb3a3804-071c-40c5-bae6-a98cff879d7d","MEM_SYN","160","8488","10941241","NULL","OPEN","NULL","tom","NULL","","","NULL","","WI","12345","","NULL","here@there.com","NULL","20300101","NULL","NULL","NULL","NULL","NULL","NULL"
"1a4632cb-440d-4e7e-88da-334515e3b42a","MEM_SYN","160","8488","10941254","NULL","OPEN","NULL","tom","NULL","","","NULL","","WI","12345","","NULL","here@there.com","NULL","20300101","NULL","NULL","NULL","NULL","NULL","NULL"
"b49318e2-7b9e-4b81-9edf-412fb6574045","MEM_SYN","160","8488","10941293","NULL","OPEN","NULL","tom","NULL","","","NULL","","WI","12345","","NULL","here@there.com","NULL","20300101","NULL","NULL","NULL","NULL","NULL","NULL"
"0f29be43-7ffa-42b5-9a5c-9dbf54f8733e","MEM_SYN","160","8488","10941306","NULL","OPEN","NULL","tom","NULL","","","NULL","","WI","12345","","NULL","here@there.com","NULL","20300101","NULL","NULL","NULL","NULL","NULL","NULL"
"c70b7ea4-9108-45ef-aae7-074f529f1786","MEM_SYN","160","8488","10941319","NULL","OPEN","NULL","tom","NULL","","","NULL","","WI","12345","","NULL","here@there.com","NULL","20300101","NULL","NULL","NULL","NULL","NULL","NULL"
"263113e9-a746-4061-8f7c-7edc4d1c80e3","MEM_SYN","160","8488","10941332","NULL","OPEN","NULL","tom","NULL","","","NULL","","WI","12345","","NULL","here@there.com","NULL","20300101","NULL","NULL","NULL","NULL","NULL","NULL"
"c3b5e40f-855e-486d-bd73-e139212003c8","MEM_SYN","160","8488","10941345","NULL","OPEN","NULL","tom","NULL","","","NULL","","WI","12345","","NULL","here@there.com","NULL","20300101","NULL","NULL","NULL","NULL","NULL","NULL"
"f49f0190-88db-4222-9875-f0619d26df02","MEM_SYN","160","8488","10941358","NULL","OPEN","NULL","tom","NULL","","","NULL","","WI","12345","","NULL","here@there.com","NULL","20300101","NULL","NULL","NULL","NULL","NULL","NULL"
"185a74de-dfaf-4d4d-a5ac-49d9e29216a1","MEM_SYN","160","8488","10941371","NULL","OPEN","NULL","tom","NULL","","","NULL","","WI","12345","","NULL","here@there.com","NULL","20300101","NULL","NULL","NULL","NULL","NULL","NULL"
"a67d7e07-7c07-4a9e-bef7-405b4d608180","MEM_SYN","160","8488","10941384","NULL","OPEN","NULL","tom","NULL","","","NULL","","WI","12345","","NULL","here@there.com","NULL","20300101","NULL","NULL","NULL","NULL","NULL","NULL"
"354b183d-1cc5-4b19-9bb7-e2ec3576397a","MEM_SYN","160","8488","10941397","NULL","OPEN","NULL","tom","NULL","","","NULL","","WI","12345","","NULL","here@there.com","NULL","20300101","NULL","NULL","NULL","NULL","NULL","NULL"
"f020ae7b-2eb5-4dd5-a6c8-8a14a0a752bb","MEM_SYN","160","8488","10941410","NULL","OPEN","NULL","tom","NULL","","","NULL","","WI","12345","","NULL","here@there.com","NULL","20300101","NULL","NULL","NULL","NULL","NULL","NULL"
"f69bf155-0fa8-4dba-8777-8690e4d0bdae","MEM_SYN","160","8488","10941423","NULL","OPEN","NULL","tom","NULL","","","NULL","","WI","12345","","NULL","here@there.com","NULL","20300101","NULL","NULL","NULL","NULL","NULL","NULL"
"51835146-a0db-45f1-9b54-028e0325097d","MEM_SYN","160","8488","10941436","NULL","OPEN","NULL","tom","NULL","","","NULL","","WI","12345","","NULL","here@there.com","NULL","20300101","NULL","NULL","NULL","NULL","NULL","NULL"
"dc11b8c2-4ce4-4056-9d44-c21a276b7cbb","MEM_SYN","160","8488","10941449","NULL","OPEN","NULL","tom","NULL","","","NULL","","WI","12345","","NULL","here@there.com","NULL","20300101","NULL","NULL","NULL","NULL","NULL","NULL"
"c583fd78-6a1c-462b-8b2c-2a2a19d13b28","MEM_SYN","160","8488","10941462","NULL","OPEN","NULL","tom","NULL","","","NULL","","WI","12345","","NULL","here@there.com","NULL","20300101","NULL","NULL","NULL","NULL","NULL","NULL"
"6560d72e-ced7-42fc-968d-0fd8979ea677","MEM_SYN","160","8488","10941475","NULL","OPEN","NULL","tom","NULL","","","NULL","","WI","12345","","NULL","here@there.com","NULL","20300101","NULL","NULL","NULL","NULL","NULL","NULL"
"4c2edc84-0d36-496e-bd21-32565316fb33","MEM_SYN","160","8488","10941488","NULL","OPEN","NULL","tom","NULL","","","NULL","","WI","12345","","NULL","here@there.com","NULL","20300101","NULL","NULL","NULL","NULL","NULL","NULL"
"8e98f1c8-272b-4036-801f-827c723ce997","MEM_SYN","160","8488","10941501","NULL","OPEN","NULL","tom","NULL","","","NULL","","WI","12345","","NULL","here@there.com","NULL","20300101","NULL","NULL","NULL","NULL","NULL","NULL"
"58ec391b-6f72-487f-9abe-00a1895ba086","MEM_SYN","160","8488","10941514","NULL","OPEN","NULL","tom","NULL","","","NULL","","WI","12345","","NULL","here@there.com","NULL","20300101","NULL","NULL","NULL","NULL","NULL","NULL"
"bf521646-781b-4936-b343-b1274defa1c8","MEM_SYN","160","8488","10941540","NULL","OPEN","NULL","tom","NULL","","","NULL","","WI","12345","","NULL","here@there.com","NULL","20300101","NULL","NULL","NULL","NULL","NULL","NULL"
"483cbc02-410c-437b-8ef3-76f727844a6f","MEM_SYN","160","8488","10941553","NULL","OPEN","NULL","tom","NULL","","","NULL","","WI","12345","","NULL","here@there.com","NULL","20300101","NULL","NULL","NULL","NULL","NULL","NULL"
"b4180bc1-0f04-49e0-b4b3-c67990713d2e","MEM_SYN","160","8488","10941566","NULL","OPEN","NULL","tom","NULL","","","NULL","","WI","12345","","NULL","here@there.com","NULL","20300101","NULL","NULL","NULL","NULL","NULL","NULL"
"e7df9c4c-b88c-4383-b54d-9133b4c61019","MEM_SYN","160","8488","10941579","NULL","OPEN","NULL","tom","NULL","","","NULL","","WI","12345","","NULL","here@there.com","NULL","20300101","NULL","NULL","NULL","NULL","NULL","NULL"
"2f1424d8-d918-4e75-b16c-04977be86925","MEM_SYN","160","8488","10941592","NULL","OPEN","NULL","tom","NULL","","","NULL","","WI","12345","","NULL","here@there.com","NULL","20300101","NULL","NULL","NULL","NULL","NULL","NULL"
"8cf8040e-389d-400a-8886-419ebf246b13","MEM_SYN","160","8488","10941605","NULL","OPEN","NULL","tom","NULL","","","NULL","","WI","12345","","NULL","here@there.com","NULL","20300101","NULL","NULL","NULL","NULL","NULL","NULL"
"4a5281b0-c188-4937-9012-2b763f2d5531","MEM_SYN","160","8488","10941618","NULL","OPEN","NULL","tom","NULL","","","NULL","","WI","12345","","NULL","here@there.com","NULL","20300101","NULL","NULL","NULL","NULL","NULL","NULL"
"9f7e39f7-3461-44b0-b624-0e2608c79767","MEM_SYN","160","8488","10941631","NULL","OPEN","NULL","tom","NULL","","","NULL","","WI","12345","","NULL","here@there.com","NULL","20300101","NULL","NULL","NULL","NULL","NULL","NULL"
"b015005e-9af9-4b87-851f-9861279a214e","MEM_SYN","160","8488","10941644","NULL","OPEN","NULL","tom","NULL","","","NULL","","WI","12345","","NULL","here@there.com","NULL","20300101","NULL","NULL","NULL","NULL","NULL","NULL"
"ab5d837c-3ead-4a45-8745-aee71b21d96e","MEM_SYN","160","8488","10941657","NULL","OPEN","NULL","tom","NULL","","","NULL","","WI","12345","","NULL","here@there.com","NULL","20300101","NULL","NULL","NULL","NULL","NULL","NULL"
"995293d5-4162-4dd0-a392-6249c0b0d6e4","MEM_SYN","160","8488","10941670","NULL","OPEN","NULL","tom","NULL","","","NULL","","WI","12345","","NULL","here@there.com","NULL","20300101","NULL","NULL","NULL","NULL","NULL","NULL"
"707cbeb6-4919-4619-9364-7d0a2a409700","MEM_SYN","160","8488","10941683","NULL","OPEN","NULL","tom","NULL","","","NULL","","WI","12345","","NULL","here@there.com","NULL","20300101","NULL","NULL","NULL","NULL","NULL","NULL"
"1247e490-5bd9-4c13-ae76-02912f7e29e7","MEM_SYN","160","8488","10941696","NULL","OPEN","NULL","tom","NULL","","","NULL","","WI","12345","","NULL","here@there.com","NULL","20300101","NULL","NULL","NULL","NULL","NULL","NULL"
"4262fcc8-dc5f-4a77-a140-09f2343fe463","MEM_SYN","160","8488","10941709","NULL","OPEN","NULL","tom","NULL","","","NULL","","WI","12345","","NULL","here@there.com","NULL","20300101","NULL","NULL","NULL","NULL","NULL","NULL"
"e4a49d2c-31c1-44cf-8e65-24d61fb345d1","MEM_SYN","160","8488","10941722","NULL","OPEN","NULL","tom","NULL","","","NULL","","WI","12345","","NULL","here@there.com","NULL","20300101","NULL","NULL","NULL","NULL","NULL","NULL"
"36b637f9-334f-4724-9502-d150d9ceec6d","MEM_SYN","160","8488","10941735","NULL","OPEN","NULL","tom","NULL","","","NULL","","WI","12345","","NULL","here@there.com","NULL","20300101","NULL","NULL","NULL","NULL","NULL","NULL"
"38d09ba4-9663-4362-8c7e-a56135da8387","MEM_SYN","160","8488","10941748","NULL","OPEN","NULL","tom","NULL","","","NULL","","WI","12345","","NULL","here@there.com","NULL","20300101","NULL","NULL","NULL","NULL","NULL","NULL"
"ab1e33db-50d0-4843-acf8-505236aed84b","MEM_SYN","160","8488","10941761","NULL","OPEN","NULL","tom","NULL","","","NULL","","WI","12345","","NULL","here@there.com","NULL","20300101","NULL","NULL","NULL","NULL","NULL","NULL"
"b1aecb08-9257-4a53-b76f-463464a303b5","MEM_SYN","160","8488","10941774","NULL","OPEN","NULL","tom","NULL","","","NULL","","WI","12345","","NULL","here@there.com","NULL","20300101","NULL","NULL","NULL","NULL","NULL","NULL"
"cdf45e1f-371c-43d5-b7ad-5698b7e56aea","MEM_SYN","160","8488","10941787","NULL","OPEN","NULL","tom","NULL","","","NULL","","WI","12345","","NULL","here@there.com","NULL","20300101","NULL","NULL","NULL","NULL","NULL","NULL"
"c05efd6d-e0be-4f81-873e-bdb0038381dd","MEM_SYN","160","8488","10941800","NULL","OPEN","NULL","tom","NULL","","","NULL","","WI","12345","","NULL","here@there.com","NULL","20300101","NULL","NULL","NULL","NULL","NULL","NULL"
"2f7c4ec3-1225-4bff-b638-6327a687b030","MEM_SYN","160","8488","10941813","NULL","OPEN","NULL","tom","NULL","","","NULL","","WI","12345","","NULL","here@there.com","NULL","20300101","NULL","NULL","NULL","NULL","NULL","NULL"
"17db3ddf-6e00-4c09-96b5-fc0d3a7e86c5","MEM_SYN","160","8488","10941839","NULL","OPEN","NULL","tom","NULL","","","NULL","","WI","12345","","NULL","here@there.com","NULL","20300101","NULL","NULL","NULL","NULL","NULL","NULL"
"247c0ff6-853d-4e51-8395-1b2fa3d622d6","MEM_SYN","160","8488","10941852","NULL","OPEN","NULL","tom","NULL","","","NULL","","WI","12345","","NULL","here@there.com","NULL","20300101","NULL","NULL","NULL","NULL","NULL","NULL"
"6a82da73-eed3-4d75-81fb-4c2d3fc7b067","MEM_SYN","160","8488","10941865","NULL","OPEN","NULL","tom","NULL","","","NULL","","WI","12345","","NULL","here@there.com","NULL","20300101","NULL","NULL","NULL","NULL","NULL","NULL"
"0d11eca2-3493-451b-9357-e4a6d505e976","MEM_SYN","160","8488","10941878","NULL","OPEN","NULL","tom","NULL","","","NULL","","WI","12345","","NULL","here@there.com","NULL","20300101","NULL","NULL","NULL","NULL","NULL","NULL"
"27e377b1-5c0d-43ce-8a36-7022c83b3a6b","MEM_SYN","160","8488","10941891","NULL","OPEN","NULL","tom","NULL","","","NULL","","WI","12345","","NULL","here@there.com","NULL","20300101","NULL","NULL","NULL","NULL","NULL","NULL"
"2535687a-8105-4c0f-a6fb-68f2c23cc6d8","MEM_SYN","160","8488","10941904","NULL","OPEN","NULL","tom","NULL","","","NULL","","WI","12345","","NULL","here@there.com","NULL","20300101","NULL","NULL","NULL","NULL","NULL","NULL"
"e6d7cec5-dcfd-4b7b-b468-6e382ba3e999","MEM_SYN","160","8488","10941917","NULL","OPEN","NULL","tom","NULL","","","NULL","","WI","12345","","NULL","here@there.com","NULL","20300101","NULL","NULL","NULL","NULL","NULL","NULL"
"5e3e4e3a-1f3d-4932-b8c1-a7d01b9a1385","MEM_SYN","160","8488","10941930","NULL","OPEN","NULL","tom","NULL","","","NULL","","WI","12345","","NULL","here@there.com","NULL","20300101","NULL","NULL","NULL","NULL","NULL","NULL"
"8108f034-12ef-4fb7-8dd4-2a1f5d19d2f8","MEM_SYN","160","8488","10941943","NULL","OPEN","NULL","tom","NULL","","","NULL","","WI","12345","","NULL","here@there.com","NULL","20300101","NULL","NULL","NULL","NULL","NULL","NULL"
"2c9d1564-ef7b-45e0-a426-ee368c241ad8","MEM_SYN","160","8488","10941956","NULL","OPEN","NULL","tom","NULL","","","NULL","","WI","12345","","NULL","here@there.com","NULL","20300101","NULL","NULL","NULL","NULL","NULL","NULL"
"6b97ea8a-95b9-4e5e-b340-cfd2aeeb5ef3","MEM_SYN","160","8488","10941969","NULL","OPEN","NULL","tom","NULL","","","NULL","","WI","12345","","NULL","here@there.com","NULL","20300101","NULL","NULL","NULL","NULL","NULL","NULL"
"e455eda0-1610-4415-8796-00a27d429629","MEM_SYN","160","8488","10941982","NULL","OPEN","NULL","tom","NULL","","","NULL","","WI","12345","","NULL","here@there.com","NULL","20300101","NULL","NULL","NULL","NULL","NULL","NULL"
"a49ecb34-3b84-4fcc-8007-ed444242ac9e","MEM_SYN","160","8488","10941995","NULL","OPEN","NULL","tom","NULL","","","NULL","","WI","12345","","NULL","here@there.com","NULL","20300101","NULL","NULL","NULL","NULL","NULL","NULL"
"b6473bef-ea36-44df-af46-23e4aa6cd88c","MEM_SYN","160","8488","10942008","NULL","OPEN","NULL","tom","NULL","","","NULL","","WI","12345","","NULL","here@there.com","NULL","20300101","NULL","NULL","NULL","NULL","NULL","NULL"
"33628b8c-f739-4f3c-9c0a-a82601a951ec","MEM_SYN","160","8488","10942021","NULL","OPEN","NULL","tom","NULL","","","NULL","","WI","12345","","NULL","here@there.com","NULL","20300101","NULL","NULL","NULL","NULL","NULL","NULL"
"6ae5f57b-c6df-4c5b-8f7d-3f4198e992d8","MEM_SYN","160","8488","10942034","NULL","OPEN","NULL","tom","NULL","","","NULL","","WI","12345","","NULL","here@there.com","NULL","20300101","NULL","NULL","NULL","NULL","NULL","NULL"
"3317a8f9-7c45-4f24-833a-98a456ae30e8","MEM_SYN","160","8488","10942047","NULL","OPEN","NULL","tom","NULL","","","NULL","","WI","12345","","NULL","here@there.com","NULL","20300101","NULL","NULL","NULL","NULL","NULL","NULL"
"563768e0-a42e-459b-904d-f7807d86c8f4","MEM_SYN","160","8488","10942060","NULL","OPEN","NULL","tom","NULL","","","NULL","","WI","12345","","NULL","here@there.com","NULL","20300101","NULL","NULL","NULL","NULL","NULL","NULL"
"04285031-aede-4e2a-94de-dd542c14ea54","MEM_SYN","160","8488","10942073","NULL","OPEN","NULL","tom","NULL","","","NULL","","WI","12345","","NULL","here@there.com","NULL","20300101","NULL","NULL","NULL","NULL","NULL","NULL"
"985e472a-2b7b-4bcf-99ac-e4a74f16a06b","MEM_SYN","160","8488","10942086","NULL","OPEN","NULL","tom","NULL","","","NULL","","WI","12345","","NULL","here@there.com","NULL","20300101","NULL","NULL","NULL","NULL","NULL","NULL"
"a03347b2-0b6f-48c1-a750-28098f732806","MEM_SYN","160","8488","10942099","NULL","OPEN","NULL","tom","NULL","","","NULL","","WI","12345","","NULL","here@there.com","NULL","20300101","NULL","NULL","NULL","NULL","NULL","NULL"
"34989a0f-f7b7-4e9e-ad40-689e8f914fe7","MEM_SYN","160","8488","10942112","NULL","OPEN","NULL","tom","NULL","","","NULL","","WI","12345","","NULL","here@there.com","NULL","20300101","NULL","NULL","NULL","NULL","NULL","NULL"
"7ebc83d4-4af4-4e15-a57c-32dbcc9cf5c9","MEM_SYN","160","8488","10942125","NULL","OPEN","NULL","tom","NULL","","","NULL","","WI","12345","","NULL","here@there.com","NULL","20300101","NULL","NULL","NULL","NULL","NULL","NULL"
"c52009b1-e493-44f9-b755-1c3baf180964","MEM_SYN","160","8488","10942138","NULL","OPEN","NULL","tom","NULL","","","NULL","","WI","12345","","NULL","here@there.com","NULL","20300101","NULL","NULL","NULL","NULL","NULL","NULL"
"c0b60031-6da2-4b0f-803f-46c6efbb6583","MEM_SYN","160","8488","10942151","NULL","OPEN","NULL","tom","NULL","","","NULL","","WI","12345","","NULL","here@there.com","NULL","20300101","NULL","NULL","NULL","NULL","NULL","NULL"
"597b6088-0eae-4185-ab54-fcd5050d8a88","MEM_SYN","160","8488","10942164","NULL","OPEN","NULL","tom","NULL","","","NULL","","WI","12345","","NULL","here@there.com","NULL","20300101","NULL","NULL","NULL","NULL","NULL","NULL"
"c7e2f96b-fd14-41a9-bec5-fcf3c4fdd059","MEM_SYN","160","8488","10942177","NULL","OPEN","NULL","tom","NULL","","","NULL","","WI","12345","","NULL","here@there.com","NULL","20300101","NULL","NULL","NULL","NULL","NULL","NULL"
"b66ea636-c92f-49a9-9383-2577f8896761","MEM_SYN","160","8488","10942190","NULL","OPEN","NULL","tom","NULL","","","NULL","","WI","12345","","NULL","here@there.com","NULL","20300101","NULL","NULL","NULL","NULL","NULL","NULL"
"86c032f4-036f-4040-bf56-b908a8e41df7","MEM_SYN","160","8488","10942203","NULL","OPEN","NULL","tom","NULL","","","NULL","","WI","12345","","NULL","here@there.com","NULL","20300101","NULL","NULL","NULL","NULL","NULL","NULL"
"6b64512d-44b7-418f-9289-6e50ad97b865","MEM_SYN","160","8488","10942216","NULL","OPEN","NULL","tom","NULL","","","NULL","","WI","12345","","NULL","here@there.com","NULL","20300101","NULL","NULL","NULL","NULL","NULL","NULL"
"36bf6372-5685-467d-ae97-65f6f5fcfb6a","MEM_SYN","160","8488","10942229","NULL","OPEN","NULL","tom","NULL","","","NULL","","WI","12345","","NULL","here@there.com","NULL","20300101","NULL","NULL","NULL","NULL","NULL","NULL"
"804ed941-1719-4161-9ab6-4cb76d76f72a","MEM_SYN","160","8488","10942242","NULL","OPEN","NULL","tom","NULL","","","NULL","","WI","12345","","NULL","here@there.com","NULL","20300101","NULL","NULL","NULL","NULL","NULL","NULL"
"7e80d1d9-7b44-4288-bfb3-16ca1d501bf4","MEM_SYN","160","8488","10942255","NULL","OPEN","NULL","tom","NULL","","","NULL","","WI","12345","","NULL","here@there.com","NULL","20300101","NULL","NULL","NULL","NULL","NULL","NULL"
"e4650083-0f42-4d59-81b8-35f4a5958d81","MEM_SYN","160","8488","10942294","NULL","OPEN","NULL","tom","NULL","","","NULL","","WI","12345","","NULL","here@there.com","NULL","20300101","NULL","NULL","NULL","NULL","NULL","NULL"
"f81eceb2-d9f3-4d81-a0e4-6971f479741f","MEM_SYN","160","8488","10942307","NULL","OPEN","NULL","tom","NULL","","","NULL","","WI","12345","","NULL","here@there.com","NULL","20300101","NULL","NULL","NULL","NULL","NULL","NULL"
"232e5a83-3186-4510-ab25-eac3bd6beca6","MEM_SYN","160","8488","10942320","NULL","OPEN","NULL","tom","NULL","","","NULL","","WI","12345","","NULL","here@there.com","NULL","20300101","NULL","NULL","NULL","NULL","NULL","NULL"
"b7bf98c2-1d28-4011-8a65-d0c56bdc1a63","MEM_SYN","160","8488","10942333","NULL","OPEN","NULL","tom","NULL","","","NULL","","WI","12345","","NULL","here@there.com","NULL","20300101","NULL","NULL","NULL","NULL","NULL","NULL"
"824736d6-ab25-4580-91b3-2ed17cf0e18d","MEM_SYN","160","8488","10942346","NULL","OPEN","NULL","tom","NULL","","","NULL","","WI","12345","","NULL","here@there.com","NULL","20300101","NULL","NULL","NULL","NULL","NULL","NULL"
"1b78bc2e-a3e1-4247-a417-a634bb134fab","MEM_SYN","160","8488","10942359","NULL","OPEN","NULL","tom","NULL","","","NULL","","WI","12345","","NULL","here@there.com","NULL","20300101","NULL","NULL","NULL","NULL","NULL","NULL"
"af030198-2a70-4544-8274-b5a0e252a355","MEM_SYN","160","8488","10942372","NULL","OPEN","NULL","tom","NULL","","","NULL","","WI","12345","","NULL","here@there.com","NULL","20300101","NULL","NULL","NULL","NULL","NULL","NULL"
"51749631-c9fd-4d57-96b2-7a04f4112615","MEM_SYN","160","8488","10942385","NULL","OPEN","NULL","tom","NULL","","","NULL","","WI","12345","","NULL","here@there.com","NULL","20300101","NULL","NULL","NULL","NULL","NULL","NULL"
"cd100214-5f6d-4c31-8f36-e571de26aa89","MEM_SYN","160","8488","10942398","NULL","OPEN","NULL","tom","NULL","","","NULL","","WI","12345","","NULL","here@there.com","NULL","20300101","NULL","NULL","NULL","NULL","NULL","NULL"
"47437e6c-cf28-40ea-99a1-7ca578eb55c5","MEM_SYN","160","8488","10942411","NULL","OPEN","NULL","tom","NULL","","","NULL","","WI","12345","","NULL","here@there.com","NULL","20300101","NULL","NULL","NULL","NULL","NULL","NULL"
"a542197f-5143-414f-8671-1ab8278f3850","MEM_SYN","160","8488","10942424","NULL","OPEN","NULL","tom","NULL","","","NULL","","WI","12345","","NULL","here@there.com","NULL","20300101","NULL","NULL","NULL","NULL","NULL","NULL"
"a4cfff98-72ac-4bf5-8421-48a70b16af9b","MEM_SYN","160","8488","10942437","NULL","OPEN","NULL","tom","NULL","","","NULL","","WI","12345","","NULL","here@there.com","NULL","20300101","NULL","NULL","NULL","NULL","NULL","NULL"
"ee103ea8-3d9e-4b7b-bc8b-af822f620cec","MEM_SYN","160","8488","10942450","NULL","OPEN","NULL","tom","NULL","","","NULL","","WI","12345","","NULL","here@there.com","NULL","20300101","NULL","NULL","NULL","NULL","NULL","NULL"
"4776c9bc-d2d1-4a99-8548-9ea5ff1ea077","MEM_SYN","160","8488","10942463","NULL","OPEN","NULL","tom","NULL","","","NULL","","WI","12345","","NULL","here@there.com","NULL","20300101","NULL","NULL","NULL","NULL","NULL","NULL"
"b1710fe3-c1be-4d40-a8ef-5ca6618a92da","MEM_SYN","160","8488","10942476","NULL","OPEN","NULL","tom","NULL","","","NULL","","WI","12345","","NULL","here@there.com","NULL","20300101","NULL","NULL","NULL","NULL","NULL","NULL"
"22c89c4e-dde7-4f93-b5cd-d2d3f8b5f9ec","MEM_SYN","160","8488","10942489","NULL","OPEN","NULL","tom","NULL","","","NULL","","WI","12345","","NULL","here@there.com","NULL","20300101","NULL","NULL","NULL","NULL","NULL","NULL"
"e425f77a-9de1-4af8-9e88-496428e05e14","MEM_SYN","160","8488","10942502","NULL","OPEN","NULL","tom","NULL","","","NULL","","WI","12345","","NULL","here@there.com","NULL","20300101","NULL","NULL","NULL","NULL","NULL","NULL"
"da122797-be56-4bfd-86b1-439a367a10bf","MEM_SYN","160","8488","10942515","NULL","OPEN","NULL","tom","NULL","","","NULL","","WI","12345","","NULL","here@there.com","NULL","20300101","NULL","NULL","NULL","NULL","NULL","NULL"
"731aee3e-10aa-4aed-adfa-ec09bd7798c1","MEM_SYN","160","8488","10942541","NULL","OPEN","NULL","tom","NULL","","","NULL","","WI","12345","","NULL","here@there.com","NULL","20300101","NULL","NULL","NULL","NULL","NULL","NULL"
"18c67925-c41b-4401-b83a-131b6e72418a","MEM_SYN","160","8488","10942554","NULL","OPEN","NULL","tom","NULL","","","NULL","","WI","12345","","NULL","here@there.com","NULL","20300101","NULL","NULL","NULL","NULL","NULL","NULL"
"d3110899-21d2-4ef5-9019-f0b7ca2b86dc","MEM_SYN","160","8488","10942567","NULL","OPEN","NULL","tom","NULL","","","NULL","","WI","12345","","NULL","here@there.com","NULL","20300101","NULL","NULL","NULL","NULL","NULL","NULL"
"4367c238-cdcd-44cd-9c7d-74912d2659fe","MEM_SYN","160","8488","10942580","NULL","OPEN","NULL","tom","NULL","","","NULL","","WI","12345","","NULL","here@there.com","NULL","20300101","NULL","NULL","NULL","NULL","NULL","NULL"
"38a217f5-2177-425a-a7be-a24db5f5110c","MEM_SYN","160","8488","10942593","NULL","OPEN","NULL","tom","NULL","","","NULL","","WI","12345","","NULL","here@there.com","NULL","20300101","NULL","NULL","NULL","NULL","NULL","NULL"
"a0e32976-df0e-4e35-9489-0b18fabe757a","MEM_SYN","160","8488","10942905","NULL","OPEN","NULL","tom","NULL","","","NULL","","WI","12345","","NULL","here@there.com","NULL","20300101","NULL","NULL","NULL","NULL","NULL","NULL"
"9951ae95-722f-46ca-98a6-14f061318c8d","MEM_SYN","160","8488","10942918","NULL","OPEN","NULL","tom","NULL","","","NULL","","WI","12345","","NULL","here@there.com","NULL","20300101","NULL","NULL","NULL","NULL","NULL","NULL"
"7726711f-73b5-4141-b243-8edcc904424b","MEM_SYN","160","8488","10942931","NULL","OPEN","NULL","tom","NULL","","","NULL","","WI","12345","","NULL","here@there.com","NULL","20300101","NULL","NULL","NULL","NULL","NULL","NULL"
"a75997d6-94ab-4cd5-9e50-b86f8063f97c","MEM_SYN","160","8488","10942944","NULL","OPEN","NULL","tom","NULL","","","NULL","","WI","12345","","NULL","here@there.com","NULL","20300101","NULL","NULL","NULL","NULL","NULL","NULL"
"4715fd24-11b4-4a16-b976-75aa52d0df49","MEM_SYN","160","8488","10942957","NULL","OPEN","NULL","tom","NULL","","","NULL","","WI","12345","","NULL","here@there.com","NULL","20300101","NULL","NULL","NULL","NULL","NULL","NULL"
"c47a5783-bf2c-4ee4-85b9-db54bd0a9bf0","MEM_SYN","160","8488","10942970","NULL","OPEN","NULL","tom","NULL","","","NULL","","WI","12345","","NULL","here@there.com","NULL","20300101","NULL","NULL","NULL","NULL","NULL","NULL"
"b83f507c-8c21-44bf-bf4b-42b0e5439c2f","MEM_SYN","160","8488","10942983","NULL","OPEN","NULL","tom","NULL","","","NULL","","WI","12345","","NULL","here@there.com","NULL","20300101","NULL","NULL","NULL","NULL","NULL","NULL"
"91316143-ba8a-403f-abbf-276438de72da","MEM_SYN","160","8488","10942996","NULL","OPEN","NULL","tom","NULL","","","NULL","","WI","12345","","NULL","here@there.com","NULL","20300101","NULL","NULL","NULL","NULL","NULL","NULL"
"403daccf-dac7-4262-a24e-0f45cab73052","MEM_SYN","160","8488","10943009","NULL","OPEN","NULL","tom","NULL","","","NULL","","WI","12345","","NULL","here@there.com","NULL","20300101","NULL","NULL","NULL","NULL","NULL","NULL"
"2957f3cc-8066-4a81-8912-22fef7bf3c36","MEM_SYN","160","8488","10943022","NULL","OPEN","NULL","tom","NULL","","","NULL","","WI","12345","","NULL","here@there.com","NULL","20300101","NULL","NULL","NULL","NULL","NULL","NULL"
"798ed478-6513-4abd-9db8-9f2d90cb476c","MEM_SYN","160","8488","10943035","NULL","OPEN","NULL","tom","NULL","","","NULL","","WI","12345","","NULL","here@there.com","NULL","20300101","NULL","NULL","NULL","NULL","NULL","NULL"
"5176e42d-c67d-40a0-a49a-b21e63b5202c","MEM_SYN","160","8488","10943048","NULL","OPEN","NULL","tom","NULL","","","NULL","","WI","12345","","NULL","here@there.com","NULL","20300101","NULL","NULL","NULL","NULL","NULL","NULL"
"b6ea0e0c-cbb5-4b88-a90c-b5fb8c9bdc6e","MEM_SYN","160","8488","10943061","NULL","OPEN","NULL","tom","NULL","","","NULL","","WI","12345","","NULL","here@there.com","NULL","20300101","NULL","NULL","NULL","NULL","NULL","NULL"
"90f13abf-2126-4e12-bb2b-c817f27a75a8","MEM_SYN","160","8488","10943074","NULL","OPEN","NULL","tom","NULL","","","NULL","","WI","12345","","NULL","here@there.com","NULL","20300101","NULL","NULL","NULL","NULL","NULL","NULL"
"169be8d9-f5a6-4534-85db-0fce1530ccef","MEM_SYN","160","8488","10943087","NULL","OPEN","NULL","tom","NULL","","","NULL","","WI","12345","","NULL","here@there.com","NULL","20300101","NULL","NULL","NULL","NULL","NULL","NULL"
"f99b4703-5c05-4c27-bddd-89216c4040e6","MEM_SYN","160","8488","10943100","NULL","OPEN","NULL","tom","NULL","","","NULL","","WI","12345","","NULL","here@there.com","NULL","20300101","NULL","NULL","NULL","NULL","NULL","NULL"
"5707b9a9-9060-464a-86b2-34e16be61a2d","MEM_SYN","160","8488","10943113","NULL","OPEN","NULL","tom","NULL","","","NULL","","WI","12345","","NULL","here@there.com","NULL","20300101","NULL","NULL","NULL","NULL","NULL","NULL"
"90c52d97-4cb5-490b-93b7-0f1847f5d455","MEM_SYN","160","8488","10943139","NULL","OPEN","NULL","tom","NULL","","","NULL","","WI","12345","","NULL","here@there.com","NULL","20300101","NULL","NULL","NULL","NULL","NULL","NULL"
"535d009f-1827-4d3a-92d9-1a300f091997","MEM_SYN","160","8488","10943152","NULL","OPEN","NULL","tom","NULL","","","NULL","","WI","12345","","NULL","here@there.com","NULL","20300101","NULL","NULL","NULL","NULL","NULL","NULL"
"41c0a2a9-8eb3-4fdd-b9d6-80c7799b4956","MEM_SYN","160","8488","10943165","NULL","OPEN","NULL","tom","NULL","","","NULL","","WI","12345","","NULL","here@there.com","NULL","20300101","NULL","NULL","NULL","NULL","NULL","NULL"
"50b67590-6fb0-4ff2-8cc4-30c2c392199e","MEM_SYN","160","8488","10943178","NULL","OPEN","NULL","tom","NULL","","","NULL","","WI","12345","","NULL","here@there.com","NULL","20300101","NULL","NULL","NULL","NULL","NULL","NULL"
"4fb9aa2f-af99-4fc8-a09b-fa09621d38d5","MEM_SYN","160","8488","10943191","NULL","OPEN","NULL","tom","NULL","","","NULL","","WI","12345","","NULL","here@there.com","NULL","20300101","NULL","NULL","NULL","NULL","NULL","NULL"
"716c190f-393c-4fde-87f2-d6cc03632cab","MEM_SYN","160","8488","10943204","NULL","OPEN","NULL","tom","NULL","","","NULL","","WI","12345","","NULL","here@there.com","NULL","20300101","NULL","NULL","NULL","NULL","NULL","NULL"
"bb328e13-3e7d-4465-ba6b-732c9119ceb3","MEM_SYN","160","8488","10943217","NULL","OPEN","NULL","tom","NULL","","","NULL","","WI","12345","","NULL","here@there.com","NULL","20300101","NULL","NULL","NULL","NULL","NULL","NULL"
"8f323c8f-f03f-4ca8-9fe5-bf313da28216","MEM_SYN","160","8488","10943230","NULL","OPEN","NULL","tom","NULL","","","NULL","","WI","12345","","NULL","here@there.com","NULL","20300101","NULL","NULL","NULL","NULL","NULL","NULL"
"4eaf3c2e-54a8-4c7b-a9b0-2946d600b1f8","MEM_SYN","160","8488","10943243","NULL","OPEN","NULL","tom","NULL","","","NULL","","WI","12345","","NULL","here@there.com","NULL","20300101","NULL","NULL","NULL","NULL","NULL","NULL"
"a9fbba66-7ff5-4748-a33f-aaba2e8df0c2","MEM_SYN","160","8488","10943256","NULL","OPEN","NULL","tom","NULL","","","NULL","","WI","12345","","NULL","here@there.com","NULL","20300101","NULL","NULL","NULL","NULL","NULL","NULL"
"dd8632ba-2889-4de8-8244-a15535981ab6","MEM_SYN","160","8488","10943295","NULL","OPEN","NULL","tom","NULL","","","NULL","","WI","12345","","NULL","here@there.com","NULL","20300101","NULL","NULL","NULL","NULL","NULL","NULL"
"2aa0b5c2-472a-45af-8790-824a09309603","MEM_SYN","160","8488","10943308","NULL","OPEN","NULL","tom","NULL","","","NULL","","WI","12345","","NULL","here@there.com","NULL","20300101","NULL","NULL","NULL","NULL","NULL","NULL"
"e3389eb4-f1cb-45f5-a48b-271063284e30","MEM_SYN","160","8488","10943321","NULL","OPEN","NULL","tom","NULL","","","NULL","","WI","12345","","NULL","here@there.com","NULL","20300101","NULL","NULL","NULL","NULL","NULL","NULL"
"fc48f04f-e780-4948-9cbc-62684a6de6b4","MEM_SYN","160","8488","10943334","NULL","OPEN","NULL","tom","NULL","","","NULL","","WI","12345","","NULL","here@there.com","NULL","20300101","NULL","NULL","NULL","NULL","NULL","NULL"
"b5a71574-9f18-4208-bb38-d77d3ad7af31","MEM_SYN","160","8488","10943347","NULL","OPEN","NULL","tom","NULL","","","NULL","","WI","12345","","NULL","here@there.com","NULL","20300101","NULL","NULL","NULL","NULL","NULL","NULL"
"b52f8d4b-2e77-47e9-ac2c-c8655f1514de","MEM_SYN","160","8488","10943360","NULL","OPEN","NULL","tom","NULL","","","NULL","","WI","12345","","NULL","here@there.com","NULL","20300101","NULL","NULL","NULL","NULL","NULL","NULL"
"d0bbcc8f-2f3e-4b6a-9a16-6bb9778dcc98","MEM_SYN","160","8488","10943373","NULL","OPEN","NULL","tom","NULL","","","NULL","","WI","12345","","NULL","here@there.com","NULL","20300101","NULL","NULL","NULL","NULL","NULL","NULL"
"3c040ffb-17bc-4335-a2f9-8de2872d41fc","MEM_SYN","160","8488","10943386","NULL","OPEN","NULL","tom","NULL","","","NULL","","WI","12345","","NULL","here@there.com","NULL","20300101","NULL","NULL","NULL","NULL","NULL","NULL"
"370ecd6b-3440-43b3-b1c7-81276752f008","MEM_SYN","160","8488","10943399","NULL","OPEN","NULL","tom","NULL","","","NULL","","WI","12345","","NULL","here@there.com","NULL","20300101","NULL","NULL","NULL","NULL","NULL","NULL"
"0edd29af-4d73-4b0b-abe4-330c09198f06","MEM_SYN","160","8488","10943412","NULL","OPEN","NULL","tom","NULL","","","NULL","","WI","12345","","NULL","here@there.com","NULL","20300101","NULL","NULL","NULL","NULL","NULL","NULL"
"5c5a75a5-cebb-4531-bd35-7f86726fb6f2","MEM_SYN","160","8488","10943425","NULL","OPEN","NULL","tom","NULL","","","NULL","","WI","12345","","NULL","here@there.com","NULL","20300101","NULL","NULL","NULL","NULL","NULL","NULL"
"235fdf33-6e63-484d-b4d2-cfc1b2d78485","MEM_SYN","160","8488","10943438","NULL","OPEN","NULL","tom","NULL","","","NULL","","WI","12345","","NULL","here@there.com","NULL","20300101","NULL","NULL","NULL","NULL","NULL","NULL"
"f5d8bb36-e198-4d38-9e5d-56c4c511429e","MEM_SYN","160","8488","10943451","NULL","OPEN","NULL","tom","NULL","","","NULL","","WI","12345","","NULL","here@there.com","NULL","20300101","NULL","NULL","NULL","NULL","NULL","NULL"
"fd66c690-b5e9-4e31-8a5d-933dd7283d4a","MEM_SYN","160","8488","10943464","NULL","OPEN","NULL","tom","NULL","","","NULL","","WI","12345","","NULL","here@there.com","NULL","20300101","NULL","NULL","NULL","NULL","NULL","NULL"
"f8792f2f-f145-416c-94ec-6b53b50c3ad6","MEM_SYN","160","8488","10943477","NULL","OPEN","NULL","tom","NULL","","","NULL","","WI","12345","","NULL","here@there.com","NULL","20300101","NULL","NULL","NULL","NULL","NULL","NULL"
"1c03a93f-0c5b-4926-b084-47b72d68104e","MEM_SYN","160","8488","10943490","NULL","OPEN","NULL","tom","NULL","","","NULL","","WI","12345","","NULL","here@there.com","NULL","20300101","NULL","NULL","NULL","NULL","NULL","NULL"
"d5757e13-703a-4014-8298-93048a041576","MEM_SYN","160","8488","10943503","NULL","OPEN","NULL","tom","NULL","","","NULL","","WI","12345","","NULL","here@there.com","NULL","20300101","NULL","NULL","NULL","NULL","NULL","NULL"
"7aaa49ad-d00f-46a0-b430-33cfbc3942cb","MEM_SYN","160","8488","10943516","NULL","OPEN","NULL","tom","NULL","","","NULL","","WI","12345","","NULL","here@there.com","NULL","20300101","NULL","NULL","NULL","NULL","NULL","NULL"
"e1b398b9-a562-44c6-a79c-8f05a6839979","MEM_SYN","160","8488","10943529","NULL","OPEN","NULL","tom","NULL","","","NULL","","WI","12345","","NULL","here@there.com","NULL","20300101","NULL","NULL","NULL","NULL","NULL","NULL"
"ddf9d8d5-f98e-4b14-9321-5c6775619e6e","MEM_SYN","160","8488","10943542","NULL","OPEN","NULL","tom","NULL","","","NULL","","WI","12345","","NULL","here@there.com","NULL","20300101","NULL","NULL","NULL","NULL","NULL","NULL"
"ba3e9949-d73a-4c67-af2a-9ac968cce8a2","MEM_SYN","160","8488","10943555","NULL","OPEN","NULL","tom","NULL","","","NULL","","WI","12345","","NULL","here@there.com","NULL","20300101","NULL","NULL","NULL","NULL","NULL","NULL"
"07d6383d-14ff-49c8-8647-21b1f9d61483","MEM_SYN","160","8488","10943568","NULL","OPEN","NULL","tom","NULL","","","NULL","","WI","12345","","NULL","here@there.com","NULL","20300101","NULL","NULL","NULL","NULL","NULL","NULL"
"4e086b31-65a4-488e-b972-8252ba6d309c","MEM_SYN","160","8488","10943581","NULL","OPEN","NULL","tom","NULL","","","NULL","","WI","12345","","NULL","here@there.com","NULL","20300101","NULL","NULL","NULL","NULL","NULL","NULL"
"3fa126f3-d627-4483-aa18-9d6a1299de6a","MEM_SYN","160","8488","10943594","NULL","OPEN","NULL","tom","NULL","","","NULL","","WI","12345","","NULL","here@there.com","NULL","20300101","NULL","NULL","NULL","NULL","NULL","NULL"
"7f6999aa-14a5-435c-8ff9-41710c329a03","MEM_SYN","160","8488","10943607","NULL","OPEN","NULL","tom","NULL","","","NULL","","WI","12345","","NULL","here@there.com","NULL","20300101","NULL","NULL","NULL","NULL","NULL","NULL"
"b72d4d74-2ad1-44dd-aa70-d72973c05a39","MEM_SYN","160","8488","10943620","NULL","OPEN","NULL","tom","NULL","","","NULL","","WI","12345","","NULL","here@there.com","NULL","20300101","NULL","NULL","NULL","NULL","NULL","NULL"
"ada6c1c9-6e37-4c61-8f06-2cadd42f019c","MEM_SYN","160","8488","10943633","NULL","OPEN","NULL","tom","NULL","","","NULL","","WI","12345","","NULL","here@there.com","NULL","20300101","NULL","NULL","NULL","NULL","NULL","NULL"
"c2cbc2ae-4a93-4557-99e8-b26f14881000","MEM_SYN","160","8488","10943646","NULL","OPEN","NULL","tom","NULL","","","NULL","","WI","12345","","NULL","here@there.com","NULL","20300101","NULL","NULL","NULL","NULL","NULL","NULL"
"3fccef91-c04d-45cd-be34-3dbaa775b8a0","MEM_SYN","160","8488","10943659","NULL","OPEN","NULL","tom","NULL","","","NULL","","WI","12345","","NULL","here@there.com","NULL","20300101","NULL","NULL","NULL","NULL","NULL","NULL"
"181fda12-04d8-4de9-96ec-4d0acdb2f55d","MEM_SYN","160","8488","10943672","NULL","OPEN","NULL","tom","NULL","","","NULL","","WI","12345","","NULL","here@there.com","NULL","20300101","NULL","NULL","NULL","NULL","NULL","NULL"
"0385e936-5a36-4ca2-bde6-1b67654f3146","MEM_SYN","160","8488","10943685","NULL","OPEN","NULL","tom","NULL","","","NULL","","WI","12345","","NULL","here@there.com","NULL","20300101","NULL","NULL","NULL","NULL","NULL","NULL"
"8c753ab4-81be-4aff-946e-6c6b1bd296a5","MEM_SYN","160","8488","10943698","NULL","OPEN","NULL","tom","NULL","","","NULL","","WI","12345","","NULL","here@there.com","NULL","20300101","NULL","NULL","NULL","NULL","NULL","NULL"
"74ddcb9f-d5d6-4c21-9913-693bac2ef52b","MEM_SYN","160","8488","10943711","NULL","OPEN","NULL","tom","NULL","","","NULL","","WI","12345","","NULL","here@there.com","NULL","20300101","NULL","NULL","NULL","NULL","NULL","NULL"
"1afea150-9d10-4596-9d83-9436fcdda0bf","MEM_SYN","160","8488","10943724","NULL","OPEN","NULL","tom","NULL","","","NULL","","WI","12345","","NULL","here@there.com","NULL","20300101","NULL","NULL","NULL","NULL","NULL","NULL"
"a9c83197-579a-447f-8972-51782e8c5686","MEM_SYN","160","8488","10943737","NULL","OPEN","NULL","tom","NULL","","","NULL","","WI","12345","","NULL","here@there.com","NULL","20300101","NULL","NULL","NULL","NULL","NULL","NULL"
"a577d097-14d1-485b-9bc8-f1f8107ddc31","MEM_SYN","160","8488","10943750","NULL","OPEN","NULL","tom","NULL","","","NULL","","WI","12345","","NULL","here@there.com","NULL","20300101","NULL","NULL","NULL","NULL","NULL","NULL"
"0e1723b6-8ea0-4b08-85e4-0032b8cddb33","MEM_SYN","160","8488","10943763","NULL","OPEN","NULL","tom","NULL","","","NULL","","WI","12345","","NULL","here@there.com","NULL","20300101","NULL","NULL","NULL","NULL","NULL","NULL"
"9aa5e467-71a5-4544-87e2-ad6d9476b5b6","MEM_SYN","160","8488","10943776","NULL","OPEN","NULL","tom","NULL","","","NULL","","WI","12345","","NULL","here@there.com","NULL","20300101","NULL","NULL","NULL","NULL","NULL","NULL"
"c8dfd644-ecf3-4786-bd93-780b7006cc6c","MEM_SYN","160","8488","10943789","NULL","OPEN","NULL","tom","NULL","","","NULL","","WI","12345","","NULL","here@there.com","NULL","20300101","NULL","NULL","NULL","NULL","NULL","NULL"
"e42c920c-6871-4637-b011-78c5f97e0492","MEM_SYN","160","8488","10943802","NULL","OPEN","NULL","tom","NULL","","","NULL","","WI","12345","","NULL","here@there.com","NULL","20300101","NULL","NULL","NULL","NULL","NULL","NULL"
"2ea07790-c539-43e8-aca9-15c8934dea90","MEM_SYN","160","8488","10943815","NULL","OPEN","NULL","tom","NULL","","","NULL","","WI","12345","","NULL","here@there.com","NULL","20300101","NULL","NULL","NULL","NULL","NULL","NULL"
"2da38625-7855-4d5b-9752-26ff0ca7a029","MEM_SYN","160","8488","10943841","NULL","OPEN","NULL","tom","NULL","","","NULL","","WI","12345","","NULL","here@there.com","NULL","20300101","NULL","NULL","NULL","NULL","NULL","NULL"
"0c95f37d-5c7d-4bf6-a5d2-78206844048b","MEM_SYN","160","8488","10943854","NULL","OPEN","NULL","tom","NULL","","","NULL","","WI","12345","","NULL","here@there.com","NULL","20300101","NULL","NULL","NULL","NULL","NULL","NULL"
"ac0f8c7a-3227-4390-a28a-2bbf2063889c","MEM_SYN","160","8488","10943867","NULL","OPEN","NULL","tom","NULL","","","NULL","","WI","12345","","NULL","here@there.com","NULL","20300101","NULL","NULL","NULL","NULL","NULL","NULL"
"2f7d16e8-2882-4f72-bb30-da3e52d715a8","MEM_SYN","160","8488","10943880","NULL","OPEN","NULL","tom","NULL","","","NULL","","WI","12345","","NULL","here@there.com","NULL","20300101","NULL","NULL","NULL","NULL","NULL","NULL"
"a3bc4953-297d-4902-b8af-22e61c6d6a73","MEM_SYN","160","8488","10943893","NULL","OPEN","NULL","tom","NULL","","","NULL","","WI","12345","","NULL","here@there.com","NULL","20300101","NULL","NULL","NULL","NULL","NULL","NULL"
"90409952-7b14-4989-8c92-2603a9ad320d","MEM_SYN","160","8488","10943906","NULL","OPEN","NULL","tom","NULL","","","NULL","","WI","12345","","NULL","here@there.com","NULL","20300101","NULL","NULL","NULL","NULL","NULL","NULL"
"9de9db17-e2ab-453f-8e86-6d50af2712a0","MEM_SYN","160","8488","10943919","NULL","OPEN","NULL","tom","NULL","","","NULL","","WI","12345","","NULL","here@there.com","NULL","20300101","NULL","NULL","NULL","NULL","NULL","NULL"
"701040c6-5044-4d7d-8777-70723730f69f","MEM_SYN","160","8488","10943932","NULL","OPEN","NULL","tom","NULL","","","NULL","","WI","12345","","NULL","here@there.com","NULL","20300101","NULL","NULL","NULL","NULL","NULL","NULL"
"1cc002d3-a95a-4558-88f2-52dbacf16131","MEM_SYN","160","8488","10943945","NULL","OPEN","NULL","tom","NULL","","","NULL","","WI","12345","","NULL","here@there.com","NULL","20300101","NULL","NULL","NULL","NULL","NULL","NULL"
"3eb2a186-02eb-4a2e-b11c-f917e1dae360","MEM_SYN","160","8488","10943958","NULL","OPEN","NULL","tom","NULL","","","NULL","","WI","12345","","NULL","here@there.com","NULL","20300101","NULL","NULL","NULL","NULL","NULL","NULL"
"3f4ae216-08be-4971-bf6a-7a1ba54cde34","MEM_SYN","160","8488","10943971","NULL","OPEN","NULL","tom","NULL","","","NULL","","WI","12345","","NULL","here@there.com","NULL","20300101","NULL","NULL","NULL","NULL","NULL","NULL"
"ce79189c-4dd5-430a-93ad-2a60f25832ba","MEM_SYN","160","8488","10943984","NULL","OPEN","NULL","tom","NULL","","","NULL","","WI","12345","","NULL","here@there.com","NULL","20300101","NULL","NULL","NULL","NULL","NULL","NULL"
"3d4d36ff-de96-462f-a077-f77c068ba94e","MEM_SYN","160","8488","10943997","NULL","OPEN","NULL","tom","NULL","","","NULL","","WI","12345","","NULL","here@there.com","NULL","20300101","NULL","NULL","NULL","NULL","NULL","NULL"
"f9721ac9-6ab5-46ee-81fd-be904d26ffcc","MEM_SYN","160","8488","10944010","NULL","OPEN","NULL","tom","NULL","","","NULL","","WI","12345","","NULL","here@there.com","NULL","20300101","NULL","NULL","NULL","NULL","NULL","NULL"
"f1f0ec5c-b878-4679-9eb2-6db77cf058c8","MEM_SYN","160","8488","10944023","NULL","OPEN","NULL","tom","NULL","","","NULL","","WI","12345","","NULL","here@there.com","NULL","20300101","NULL","NULL","NULL","NULL","NULL","NULL"
"1aa8f1fe-6ec2-4cea-8751-d84e1bf17836","MEM_SYN","160","8488","10944036","NULL","OPEN","NULL","tom","NULL","","","NULL","","WI","12345","","NULL","here@there.com","NULL","20300101","NULL","NULL","NULL","NULL","NULL","NULL"
"47914b17-8bd9-4f27-b818-25db0c049cc9","MEM_SYN","160","8488","10944049","NULL","OPEN","NULL","tom","NULL","","","NULL","","WI","12345","","NULL","here@there.com","NULL","20300101","NULL","NULL","NULL","NULL","NULL","NULL"
"cb865206-54a9-4820-9861-abd21c4464a8","MEM_SYN","160","8488","10944062","NULL","OPEN","NULL","tom","NULL","","","NULL","","WI","12345","","NULL","here@there.com","NULL","20300101","NULL","NULL","NULL","NULL","NULL","NULL"
"fd81a3b8-92c9-4339-9a0d-8d436c536f38","MEM_SYN","160","8488","10944075","NULL","OPEN","NULL","tom","NULL","","","NULL","","WI","12345","","NULL","here@there.com","NULL","20300101","NULL","NULL","NULL","NULL","NULL","NULL"
"cb1a824a-3dfe-4366-8817-108433e387d9","MEM_SYN","160","8488","10944088","NULL","OPEN","NULL","tom","NULL","","","NULL","","WI","12345","","NULL","here@there.com","NULL","20300101","NULL","NULL","NULL","NULL","NULL","NULL"
"c540f7af-4293-4660-8c38-163dfd1a279a","MEM_SYN","160","8488","10944101","NULL","OPEN","NULL","tom","NULL","","","NULL","","WI","12345","","NULL","here@there.com","NULL","20300101","NULL","NULL","NULL","NULL","NULL","NULL"
"0c7b2082-77e8-49c8-83d1-243ae9ff9c19","MEM_SYN","160","8488","10944114","NULL","OPEN","NULL","tom","NULL","","","NULL","","WI","12345","","NULL","here@there.com","NULL","20300101","NULL","NULL","NULL","NULL","NULL","NULL"
"b820ea4b-fe48-44ed-ba59-c86cd138e49d","MEM_SYN","160","8488","10944140","NULL","OPEN","NULL","tom","NULL","","","NULL","","WI","12345","","NULL","here@there.com","NULL","20300101","NULL","NULL","NULL","NULL","NULL","NULL"
"8adc1339-d246-4c96-ac98-e7c0bca4be8b","MEM_SYN","160","8488","10944153","NULL","OPEN","NULL","tom","NULL","","","NULL","","WI","12345","","NULL","here@there.com","NULL","20300101","NULL","NULL","NULL","NULL","NULL","NULL"
"06b4dbb7-f7f0-411c-82ae-6a065c8d507f","MEM_SYN","160","8488","10944166","NULL","OPEN","NULL","tom","NULL","","","NULL","","WI","12345","","NULL","here@there.com","NULL","20300101","NULL","NULL","NULL","NULL","NULL","NULL"
"e479ff42-0c44-44f2-96f8-8deab9289195","MEM_SYN","160","8488","10944179","NULL","OPEN","NULL","tom","NULL","","","NULL","","WI","12345","","NULL","here@there.com","NULL","20300101","NULL","NULL","NULL","NULL","NULL","NULL"
"370db29c-9c45-4431-942a-7d2350df4d7a","MEM_SYN","160","8488","10944192","NULL","OPEN","NULL","tom","NULL","","","NULL","","WI","12345","","NULL","here@there.com","NULL","20300101","NULL","NULL","NULL","NULL","NULL","NULL"
"e20034df-9773-4819-bd9e-3336ede48a0c","MEM_SYN","160","8488","10944205","NULL","OPEN","NULL","tom","NULL","","","NULL","","WI","12345","","NULL","here@there.com","NULL","20300101","NULL","NULL","NULL","NULL","NULL","NULL"
"40f2cd63-2dfa-485a-b6c4-6b51f66574ec","MEM_SYN","160","8488","10944218","NULL","OPEN","NULL","tom","NULL","","","NULL","","WI","12345","","NULL","here@there.com","NULL","20300101","NULL","NULL","NULL","NULL","NULL","NULL"
"c47f33df-bc61-4a66-849f-08c7343f94f7","MEM_SYN","160","8488","10944231","NULL","OPEN","NULL","tom","NULL","","","NULL","","WI","12345","","NULL","here@there.com","NULL","20300101","NULL","NULL","NULL","NULL","NULL","NULL"
"3aeb1052-2818-4b0b-9cda-41ca8cc22d01","MEM_SYN","160","8488","10944244","NULL","OPEN","NULL","tom","NULL","","","NULL","","WI","12345","","NULL","here@there.com","NULL","20300101","NULL","NULL","NULL","NULL","NULL","NULL"
"a3f927f9-6111-46db-b3d3-2b679f7e5105","MEM_SYN","160","8488","10944257","NULL","OPEN","NULL","tom","NULL","","","NULL","","WI","12345","","NULL","here@there.com","NULL","20300101","NULL","NULL","NULL","NULL","NULL","NULL"
"8b36f07a-89f7-4d0e-8239-1655d05ae0d6","MEM_SYN","160","8488","10944296","NULL","OPEN","NULL","tom","NULL","","","NULL","","WI","12345","","NULL","here@there.com","NULL","20300101","NULL","NULL","NULL","NULL","NULL","NULL"
"58b9b36d-33bf-4c3a-9fa2-525a3e37ca4e","MEM_SYN","160","8488","10944309","NULL","OPEN","NULL","tom","NULL","","","NULL","","WI","12345","","NULL","here@there.com","NULL","20300101","NULL","NULL","NULL","NULL","NULL","NULL"
"03dde7ba-8a9b-42de-b3c0-7b3a265dae0c","MEM_SYN","160","8488","10944322","NULL","OPEN","NULL","tom","NULL","","","NULL","","WI","12345","","NULL","here@there.com","NULL","20300101","NULL","NULL","NULL","NULL","NULL","NULL"
"6267d188-a80e-4e4b-a31f-05483ae61c32","MEM_SYN","160","8488","10944335","NULL","OPEN","NULL","tom","NULL","","","NULL","","WI","12345","","NULL","here@there.com","NULL","20300101","NULL","NULL","NULL","NULL","NULL","NULL"
"e228fdb7-e752-4087-ad40-939f248cb9d4","MEM_SYN","160","8488","10944348","NULL","OPEN","NULL","tom","NULL","","","NULL","","WI","12345","","NULL","here@there.com","NULL","20300101","NULL","NULL","NULL","NULL","NULL","NULL"
"43af217e-b706-466d-92fb-13f26257eb16","MEM_SYN","160","8488","10944361","NULL","OPEN","NULL","tom","NULL","","","NULL","","WI","12345","","NULL","here@there.com","NULL","20300101","NULL","NULL","NULL","NULL","NULL","NULL"
"427c84f2-6e29-41a2-943a-27b9882cee3d","MEM_SYN","160","8488","10944374","NULL","OPEN","NULL","tom","NULL","","","NULL","","WI","12345","","NULL","here@there.com","NULL","20300101","NULL","NULL","NULL","NULL","NULL","NULL"
"6ea3fb54-b5fb-4d7f-99d1-fe964f8d82c2","MEM_SYN","160","8488","10944387","NULL","OPEN","NULL","tom","NULL","","","NULL","","WI","12345","","NULL","here@there.com","NULL","20300101","NULL","NULL","NULL","NULL","NULL","NULL"
"8ca45352-dd3c-4fec-b91b-eb6ee10986b2","MEM_SYN","160","8488","10944400","NULL","OPEN","NULL","tom","NULL","","","NULL","","WI","12345","","NULL","here@there.com","NULL","20300101","NULL","NULL","NULL","NULL","NULL","NULL"
"94cb540d-0c98-4133-9d89-62041d90cd3a","MEM_SYN","160","8488","10944413","NULL","OPEN","NULL","tom","NULL","","","NULL","","WI","12345","","NULL","here@there.com","NULL","20300101","NULL","NULL","NULL","NULL","NULL","NULL"
"a62c57d4-17d9-4426-a498-738c0bdfcdde","MEM_SYN","160","8488","10944439","NULL","OPEN","NULL","tom","NULL","","","NULL","","WI","12345","","NULL","here@there.com","NULL","20300101","NULL","NULL","NULL","NULL","NULL","NULL"
"d1f2d458-a8b2-4647-8f20-6735da82765e","MEM_SYN","160","8488","10944452","NULL","OPEN","NULL","tom","NULL","","","NULL","","WI","12345","","NULL","here@there.com","NULL","20300101","NULL","NULL","NULL","NULL","NULL","NULL"
"f471ffe6-0890-4722-968a-59261b410b98","MEM_SYN","160","8488","10944465","NULL","OPEN","NULL","tom","NULL","","","NULL","","WI","12345","","NULL","here@there.com","NULL","20300101","NULL","NULL","NULL","NULL","NULL","NULL"
"433e1a5c-b041-4fa8-a9dd-a872d046de56","MEM_SYN","160","8488","10944478","NULL","OPEN","NULL","tom","NULL","","","NULL","","WI","12345","","NULL","here@there.com","NULL","20300101","NULL","NULL","NULL","NULL","NULL","NULL"
"837757de-33e3-4338-97e8-22376afb6150","MEM_SYN","160","8488","10944491","NULL","OPEN","NULL","tom","NULL","","","NULL","","WI","12345","","NULL","here@there.com","NULL","20300101","NULL","NULL","NULL","NULL","NULL","NULL"
"e88b5231-203e-40af-864f-49b20fdef489","MEM_SYN","160","8488","10944504","NULL","OPEN","NULL","tom","NULL","","","NULL","","WI","12345","","NULL","here@there.com","NULL","20300101","NULL","NULL","NULL","NULL","NULL","NULL"
"c461595b-68f8-46bb-ae23-3ec4675d0d8a","MEM_SYN","160","8488","10944517","NULL","OPEN","NULL","tom","NULL","","","NULL","","WI","12345","","NULL","here@there.com","NULL","20300101","NULL","NULL","NULL","NULL","NULL","NULL"
"a77fd1f0-562f-4e96-a2b5-d8ff2d86fa78","MEM_SYN","160","8488","10944530","NULL","OPEN","NULL","tom","NULL","","","NULL","","WI","12345","","NULL","here@there.com","NULL","20300101","NULL","NULL","NULL","NULL","NULL","NULL"
"98718ef7-79eb-4ce1-96b1-3e5df2467718","MEM_SYN","160","8488","10944543","NULL","OPEN","NULL","tom","NULL","","","NULL","","WI","12345","","NULL","here@there.com","NULL","20300101","NULL","NULL","NULL","NULL","NULL","NULL"
"7ec6b9b3-fe29-4a91-aa4f-e6871cd4286f","MEM_SYN","160","8488","10944556","NULL","OPEN","NULL","tom","NULL","","","NULL","","WI","12345","","NULL","here@there.com","NULL","20300101","NULL","NULL","NULL","NULL","NULL","NULL"
"e4e5cb02-6367-4e4a-ae36-3e0dd382a2e3","MEM_SYN","160","8488","10944569","NULL","OPEN","NULL","tom","NULL","","","NULL","","WI","12345","","NULL","here@there.com","NULL","20300101","NULL","NULL","NULL","NULL","NULL","NULL"
"dadb607d-f802-4cd7-94cc-ab5f26ccd81d","MEM_SYN","160","8488","10944582","NULL","OPEN","NULL","tom","NULL","","","NULL","","WI","12345","","NULL","here@there.com","NULL","20300101","NULL","NULL","NULL","NULL","NULL","NULL"
"c4012437-43ab-4f0e-a1c9-cd5acd9e4227","MEM_SYN","160","8488","10944595","NULL","OPEN","NULL","tom","NULL","","","NULL","","WI","12345","","NULL","here@there.com","NULL","20300101","NULL","NULL","NULL","NULL","NULL","NULL"
"23137df0-cee8-42ef-84a6-f0eeb52bb8ce","MEM_SYN","160","8488","10944608","NULL","OPEN","NULL","tom","NULL","","","NULL","","WI","12345","","NULL","here@there.com","NULL","20300101","NULL","NULL","NULL","NULL","NULL","NULL"
"6ba6c818-2ae5-40ee-b3ce-779499aaa23d","MEM_SYN","160","8488","10944621","NULL","OPEN","NULL","tom","NULL","","","NULL","","WI","12345","","NULL","here@there.com","NULL","20300101","NULL","NULL","NULL","NULL","NULL","NULL"
"203c1feb-f341-4b68-8241-9ae1b29cf56d","MEM_SYN","160","8488","10944634","NULL","OPEN","NULL","tom","NULL","","","NULL","","WI","12345","","NULL","here@there.com","NULL","20300101","NULL","NULL","NULL","NULL","NULL","NULL"
"3661b6b6-5800-4c93-b2a0-1e31cb9d302e","MEM_SYN","160","8488","10944647","NULL","OPEN","NULL","tom","NULL","","","NULL","","WI","12345","","NULL","here@there.com","NULL","20300101","NULL","NULL","NULL","NULL","NULL","NULL"
"0e25859a-0b23-49d3-b0bb-e2631fc51924","MEM_SYN","160","8488","10944660","NULL","OPEN","NULL","tom","NULL","","","NULL","","WI","12345","","NULL","here@there.com","NULL","20300101","NULL","NULL","NULL","NULL","NULL","NULL"
"abd49a89-5d4c-45a0-940b-a7cdd47a1487","MEM_SYN","160","8488","10944673","NULL","OPEN","NULL","tom","NULL","","","NULL","","WI","12345","","NULL","here@there.com","NULL","20300101","NULL","NULL","NULL","NULL","NULL","NULL"
"10aeaeed-d287-4f7a-add2-250a5a103116","MEM_SYN","160","8488","10944686","NULL","OPEN","NULL","tom","NULL","","","NULL","","WI","12345","","NULL","here@there.com","NULL","20300101","NULL","NULL","NULL","NULL","NULL","NULL"
"6faf771f-dfe0-4371-8be4-c260204d7794","MEM_SYN","160","8488","10944699","NULL","OPEN","NULL","tom","NULL","","","NULL","","WI","12345","","NULL","here@there.com","NULL","20300101","NULL","NULL","NULL","NULL","NULL","NULL"
"e7ad6bea-0312-4e0b-800d-2bf7cb69f5dc","MEM_SYN","160","8488","10944712","NULL","OPEN","NULL","tom","NULL","","","NULL","","WI","12345","","NULL","here@there.com","NULL","20300101","NULL","NULL","NULL","NULL","NULL","NULL"
"344c8048-2111-4605-a3f3-9fa8da34ebe2","MEM_SYN","160","8488","10944725","NULL","OPEN","NULL","tom","NULL","","","NULL","","WI","12345","","NULL","here@there.com","NULL","20300101","NULL","NULL","NULL","NULL","NULL","NULL"
"80d34d3b-6358-4d13-8953-02ae2a07e246","MEM_SYN","160","8488","10944738","NULL","OPEN","NULL","tom","NULL","","","NULL","","WI","12345","","NULL","here@there.com","NULL","20300101","NULL","NULL","NULL","NULL","NULL","NULL"
"5d284be4-d73d-4dae-95be-94f54fd25ff7","MEM_SYN","160","8488","10944751","NULL","OPEN","NULL","tom","NULL","","","NULL","","WI","12345","","NULL","here@there.com","NULL","20300101","NULL","NULL","NULL","NULL","NULL","NULL"
"d1552545-413f-4082-aef6-3b64b7901899","MEM_SYN","160","8488","10944764","NULL","OPEN","NULL","tom","NULL","","","NULL","","WI","12345","","NULL","here@there.com","NULL","20300101","NULL","NULL","NULL","NULL","NULL","NULL"
"2ea76e32-dca1-4a7a-a020-889eba7fcc3c","MEM_SYN","160","8488","10944777","NULL","OPEN","NULL","tom","NULL","","","NULL","","WI","12345","","NULL","here@there.com","NULL","20300101","NULL","NULL","NULL","NULL","NULL","NULL"
"de401254-9e9f-4386-9fc6-c5a09be26bd7","MEM_SYN","160","8488","10944790","NULL","OPEN","NULL","tom","NULL","","","NULL","","WI","12345","","NULL","here@there.com","NULL","20300101","NULL","NULL","NULL","NULL","NULL","NULL"
"e403ab87-0f79-45c8-a8e4-845bef7740a7","MEM_SYN","160","8488","10944803","NULL","OPEN","NULL","tom","NULL","","","NULL","","WI","12345","","NULL","here@there.com","NULL","20300101","NULL","NULL","NULL","NULL","NULL","NULL"
"8f978c0d-3aaf-4825-800c-a6217e974ff9","MEM_SYN","160","8488","10944816","NULL","OPEN","NULL","tom","NULL","","","NULL","","WI","12345","","NULL","here@there.com","NULL","20300101","NULL","NULL","NULL","NULL","NULL","NULL"
"ecc2fcf3-7952-4f4a-9057-bddfd69e87b0","MEM_SYN","160","8488","10944829","NULL","OPEN","NULL","tom","NULL","","","NULL","","WI","12345","","NULL","here@there.com","NULL","20300101","NULL","NULL","NULL","NULL","NULL","NULL"
"667744e2-1eb0-4e6c-a709-9e7c87f072d8","MEM_SYN","160","8488","10944842","NULL","OPEN","NULL","tom","NULL","","","NULL","","WI","12345","","NULL","here@there.com","NULL","20300101","NULL","NULL","NULL","NULL","NULL","NULL"
"1a40e0ed-f2bd-4264-bc09-e3177b4bbddb","MEM_SYN","160","8488","10944855","NULL","OPEN","NULL","tom","NULL","","","NULL","","WI","12345","","NULL","here@there.com","NULL","20300101","NULL","NULL","NULL","NULL","NULL","NULL"
"b0635835-8aa1-4f26-863b-b8190b4e7fed","MEM_SYN","160","8488","10939577","NULL","OPEN","NULL","tom","NULL","","","NULL","","WI","12345","","NULL","here@there.com","NULL","20300101","NULL","NULL","NULL","NULL","NULL","NULL"
"e469c78e-a9e0-4644-b94f-73ddc1c7a094","MEM_SYN","160","8488","10939590","NULL","OPEN","NULL","tom","NULL","","","NULL","","WI","12345","","NULL","here@there.com","NULL","20300101","NULL","NULL","NULL","NULL","NULL","NULL"
"efd991e1-35ab-428e-a765-6eecf05c8ab2","MEM_SYN","160","8488","10939603","NULL","OPEN","NULL","tom","NULL","","","NULL","","WI","12345","","NULL","here@there.com","NULL","20300101","NULL","NULL","NULL","NULL","NULL","NULL"
"9cab9656-1c37-48bc-a86f-4a40cf4c9a10","MEM_SYN","160","8488","10939616","NULL","OPEN","NULL","tom","NULL","","","NULL","","WI","12345","","NULL","here@there.com","NULL","20300101","NULL","NULL","NULL","NULL","NULL","NULL"
"52a4db36-c90a-452f-8ad3-e0242e4afd0c","MEM_SYN","160","8488","10939629","NULL","OPEN","NULL","tom","NULL","","","NULL","","WI","12345","","NULL","here@there.com","NULL","20300101","NULL","NULL","NULL","NULL","NULL","NULL"
"06c674b0-f4c3-4743-a527-4873c51c2f4f","MEM_SYN","160","8488","10939642","NULL","OPEN","NULL","tom","NULL","","","NULL","","WI","12345","","NULL","here@there.com","NULL","20300101","NULL","NULL","NULL","NULL","NULL","NULL"
"69099f45-ecb8-4c39-bdc9-aa453d8fadf2","MEM_SYN","160","8488","10939655","NULL","OPEN","NULL","tom","NULL","","","NULL","","WI","12345","","NULL","here@there.com","NULL","20300101","NULL","NULL","NULL","NULL","NULL","NULL"
"30da1bd7-f9ac-4968-b155-4496b2b2cbea","MEM_SYN","160","8488","10939668","NULL","OPEN","NULL","tom","NULL","","","NULL","","WI","12345","","NULL","here@there.com","NULL","20300101","NULL","NULL","NULL","NULL","NULL","NULL"
"d874465f-4797-43ff-95b2-4b4e0ef38b11","MEM_SYN","160","8488","10939681","NULL","OPEN","NULL","tom","NULL","","","NULL","","WI","12345","","NULL","here@there.com","NULL","20300101","NULL","NULL","NULL","NULL","NULL","NULL"
"000c19e4-acd4-4f8e-8a94-11c9148af2fb","MEM_SYN","160","8488","10939694","NULL","OPEN","NULL","tom","NULL","","","NULL","","WI","12345","","NULL","here@there.com","NULL","20300101","NULL","NULL","NULL","NULL","NULL","NULL"
"40905a50-20e1-42c7-b0fc-57550023a41b","MEM_SYN","160","8488","10939707","NULL","OPEN","NULL","tom","NULL","","","NULL","","WI","12345","","NULL","here@there.com","NULL","20300101","NULL","NULL","NULL","NULL","NULL","NULL"
"9acc461d-915d-4a08-b29e-c2b7875585f0","MEM_SYN","160","8488","10939720","NULL","OPEN","NULL","tom","NULL","","","NULL","","WI","12345","","NULL","here@there.com","NULL","20300101","NULL","NULL","NULL","NULL","NULL","NULL"
"639968c5-0922-415a-88ef-bb3acebf9208","MEM_SYN","160","8488","10939733","NULL","OPEN","NULL","tom","NULL","","","NULL","","WI","12345","","NULL","here@there.com","NULL","20300101","NULL","NULL","NULL","NULL","NULL","NULL"
"52a2534c-53b0-45fe-b9c5-b8e8dd28f46c","MEM_SYN","160","8488","10939746","NULL","OPEN","NULL","tom","NULL","","","NULL","","WI","12345","","NULL","here@there.com","NULL","20300101","NULL","NULL","NULL","NULL","NULL","NULL"
"de05f83b-11fc-41d4-98e8-b42623914712","MEM_SYN","160","8488","10939759","NULL","OPEN","NULL","tom","NULL","","","NULL","","WI","12345","","NULL","here@there.com","NULL","20300101","NULL","NULL","NULL","NULL","NULL","NULL"
"890ea4af-e21b-49dc-8ac5-0598538ce456","MEM_SYN","160","8488","10939772","NULL","OPEN","NULL","tom","NULL","","","NULL","","WI","12345","","NULL","here@there.com","NULL","20300101","NULL","NULL","NULL","NULL","NULL","NULL"
"aef5347c-ec54-4a4d-b09a-b6b18726eebf","MEM_SYN","160","8488","10939785","NULL","OPEN","NULL","tom","NULL","","","NULL","","WI","12345","","NULL","here@there.com","NULL","20300101","NULL","NULL","NULL","NULL","NULL","NULL"
"3f2cb1a3-a0fa-44d3-ad48-ec81fe331cbb","MEM_SYN","160","8488","10939798","NULL","OPEN","NULL","tom","NULL","","","NULL","","WI","12345","","NULL","here@there.com","NULL","20300101","NULL","NULL","NULL","NULL","NULL","NULL"
"9cc00686-f9d6-4900-accd-359f120eae6c","MEM_SYN","160","8488","10939811","NULL","OPEN","NULL","tom","NULL","","","NULL","","WI","12345","","NULL","here@there.com","NULL","20300101","NULL","NULL","NULL","NULL","NULL","NULL"
"9e3323c5-2854-4fab-a962-6a0e4a4b2946","MEM_SYN","160","8488","10939824","NULL","OPEN","NULL","tom","NULL","","","NULL","","WI","12345","","NULL","here@there.com","NULL","20300101","NULL","NULL","NULL","NULL","NULL","NULL"
"3f0697cd-5b46-408e-9e1a-7f09db02b561","MEM_SYN","160","8488","10939837","NULL","OPEN","NULL","tom","NULL","","","NULL","","WI","12345","","NULL","here@there.com","NULL","20300101","NULL","NULL","NULL","NULL","NULL","NULL"
"53d0548d-b27f-4a52-b5b8-1fe3c9c8bb18","MEM_SYN","160","8488","10939850","NULL","OPEN","NULL","tom","NULL","","","NULL","","WI","12345","","NULL","here@there.com","NULL","20300101","NULL","NULL","NULL","NULL","NULL","NULL"
"f86c7f35-75ee-466d-9cf5-a8a452562948","MEM_SYN","160","8488","10939863","NULL","OPEN","NULL","tom","NULL","","","NULL","","WI","12345","","NULL","here@there.com","NULL","20300101","NULL","NULL","NULL","NULL","NULL","NULL"
"4514d86f-a288-4db5-86dd-69b7d0365160","MEM_SYN","160","8488","10939876","NULL","OPEN","NULL","tom","NULL","","","NULL","","WI","12345","","NULL","here@there.com","NULL","20300101","NULL","NULL","NULL","NULL","NULL","NULL"
"54a4e212-2b8b-4ec2-aa4e-d666863ee7d3","MEM_SYN","160","8488","10939889","NULL","OPEN","NULL","tom","NULL","","","NULL","","WI","12345","","NULL","here@there.com","NULL","20300101","NULL","NULL","NULL","NULL","NULL","NULL"
"c0c5f212-e28d-428c-b721-fbcf62bfe651","MEM_SYN","160","8488","10939902","NULL","OPEN","NULL","tom","NULL","","","NULL","","WI","12345","","NULL","here@there.com","NULL","20300101","NULL","NULL","NULL","NULL","NULL","NULL"
"63f46c84-eef0-4a16-8332-0e039703d94a","MEM_SYN","160","8488","10939915","NULL","OPEN","NULL","tom","NULL","","","NULL","","WI","12345","","NULL","here@there.com","NULL","20300101","NULL","NULL","NULL","NULL","NULL","NULL"
"f2432b4d-b19c-40dd-9867-dd727d8a7300","MEM_SYN","160","8488","10939941","NULL","OPEN","NULL","tom","NULL","","","NULL","","WI","12345","","NULL","here@there.com","NULL","20300101","NULL","NULL","NULL","NULL","NULL","NULL"
"7409a647-c6b4-4d67-bea9-ea06696ddda4","MEM_SYN","160","8488","10939954","NULL","OPEN","NULL","tom","NULL","","","NULL","","WI","12345","","NULL","here@there.com","NULL","20300101","NULL","NULL","NULL","NULL","NULL","NULL"
"7122f324-2113-41ac-9fe1-d70c415ba50d","MEM_SYN","160","8488","10939967","NULL","OPEN","NULL","tom","NULL","","","NULL","","WI","12345","","NULL","here@there.com","NULL","20300101","NULL","NULL","NULL","NULL","NULL","NULL"
"e7801c46-8644-4f5a-b865-b21c2cb01e77","MEM_SYN","160","8488","10939980","NULL","OPEN","NULL","tom","NULL","","","NULL","","WI","12345","","NULL","here@there.com","NULL","20300101","NULL","NULL","NULL","NULL","NULL","NULL"
"8e405e6e-8b3b-411c-b75d-9af0fe8032cd","MEM_SYN","160","8488","10939993","NULL","OPEN","NULL","tom","NULL","","","NULL","","WI","12345","","NULL","here@there.com","NULL","20300101","NULL","NULL","NULL","NULL","NULL","NULL"
"4f84de61-6fa7-42a5-89b6-fcc847ce0424","MEM_SYN","160","8488","10940006","NULL","OPEN","NULL","tom","NULL","","","NULL","","WI","12345","","NULL","here@there.com","NULL","20300101","NULL","NULL","NULL","NULL","NULL","NULL"
"6b4ae9e0-b97b-4cc2-9ea6-d8ad2a1cf6cb","MEM_SYN","160","8488","10940019","NULL","OPEN","NULL","tom","NULL","","","NULL","","WI","12345","","NULL","here@there.com","NULL","20300101","NULL","NULL","NULL","NULL","NULL","NULL"
"31b49b66-f241-47da-9e70-91e117a8e74c","MEM_SYN","160","8488","10940032","NULL","OPEN","NULL","tom","NULL","","","NULL","","WI","12345","","NULL","here@there.com","NULL","20300101","NULL","NULL","NULL","NULL","NULL","NULL"
"ccbfc28e-b5e4-4979-8f87-ed5081beecd8","MEM_SYN","160","8488","10940045","NULL","OPEN","NULL","tom","NULL","","","NULL","","WI","12345","","NULL","here@there.com","NULL","20300101","NULL","NULL","NULL","NULL","NULL","NULL"
"8503ff5c-215e-4034-9272-4f23b61771d4","MEM_SYN","160","8488","10940058","NULL","OPEN","NULL","tom","NULL","","","NULL","","WI","12345","","NULL","here@there.com","NULL","20300101","NULL","NULL","NULL","NULL","NULL","NULL"
"23589261-10e1-4a94-af9e-1bf0e8824b12","MEM_SYN","160","8488","10940071","NULL","OPEN","NULL","tom","NULL","","","NULL","","WI","12345","","NULL","here@there.com","NULL","20300101","NULL","NULL","NULL","NULL","NULL","NULL"
"82e9ed5e-f0d4-42f5-b4eb-8015333c7683","MEM_SYN","160","8488","10940084","NULL","OPEN","NULL","tom","NULL","","","NULL","","WI","12345","","NULL","here@there.com","NULL","20300101","NULL","NULL","NULL","NULL","NULL","NULL"
"49def582-fecd-4730-b2bd-862489835ac9","MEM_SYN","160","8488","10940097","NULL","OPEN","NULL","tom","NULL","","","NULL","","WI","12345","","NULL","here@there.com","NULL","20300101","NULL","NULL","NULL","NULL","NULL","NULL"
"aa527bd1-f52a-4698-80d3-1e232d89bda2","MEM_SYN","160","8488","10940110","NULL","OPEN","NULL","tom","NULL","","","NULL","","WI","12345","","NULL","here@there.com","NULL","20300101","NULL","NULL","NULL","NULL","NULL","NULL"
"8b295a77-ea9a-4cfa-ac2d-225276d4fc50","MEM_SYN","160","8488","10940123","NULL","OPEN","NULL","tom","NULL","","","NULL","","WI","12345","","NULL","here@there.com","NULL","20300101","NULL","NULL","NULL","NULL","NULL","NULL"
"d848cd6c-6e93-4895-87d3-28db73c0eea7","MEM_SYN","160","8488","10940136","NULL","OPEN","NULL","tom","NULL","","","NULL","","WI","12345","","NULL","here@there.com","NULL","20300101","NULL","NULL","NULL","NULL","NULL","NULL"
"88d78219-e9ea-495a-81f4-9a593280b017","MEM_SYN","160","8488","10940149","NULL","OPEN","NULL","tom","NULL","","","NULL","","WI","12345","","NULL","here@there.com","NULL","20300101","NULL","NULL","NULL","NULL","NULL","NULL"
"768bf3ad-273f-4178-9791-11d6e7f0a5c7","MEM_SYN","160","8488","10940162","NULL","OPEN","NULL","tom","NULL","","","NULL","","WI","12345","","NULL","here@there.com","NULL","20300101","NULL","NULL","NULL","NULL","NULL","NULL"
"3399e3e4-3557-43d7-8a99-3555da631d22","MEM_SYN","160","8488","10940175","NULL","OPEN","NULL","tom","NULL","","","NULL","","WI","12345","","NULL","here@there.com","NULL","20300101","NULL","NULL","NULL","NULL","NULL","NULL"
"e1f45327-2101-4e92-a621-866190999fad","MEM_SYN","160","8488","10940188","NULL","OPEN","NULL","tom","NULL","","","NULL","","WI","12345","","NULL","here@there.com","NULL","20300101","NULL","NULL","NULL","NULL","NULL","NULL"
"5ed09245-ba16-457f-90d7-e386f0be3f09","MEM_SYN","160","8488","10940201","NULL","OPEN","NULL","tom","NULL","","","NULL","","WI","12345","","NULL","here@there.com","NULL","20300101","NULL","NULL","NULL","NULL","NULL","NULL"
"7e67c102-7348-4275-8eab-25072dbd5c30","MEM_SYN","160","8488","10940214","NULL","OPEN","NULL","tom","NULL","","","NULL","","WI","12345","","NULL","here@there.com","NULL","20300101","NULL","NULL","NULL","NULL","NULL","NULL"
"8d9ac08b-6a7b-4f67-af74-7879e2ef196c","MEM_SYN","160","8488","10940240","NULL","OPEN","NULL","tom","NULL","","","NULL","","WI","12345","","NULL","here@there.com","NULL","20300101","NULL","NULL","NULL","NULL","NULL","NULL"
"4622f398-e3b6-418a-991f-c9e5bb0eba67","MEM_SYN","160","8488","10940253","NULL","OPEN","NULL","tom","NULL","","","NULL","","WI","12345","","NULL","here@there.com","NULL","20300101","NULL","NULL","NULL","NULL","NULL","NULL"
"6bcde855-074c-4da1-b9d7-832213564206","MEM_SYN","160","8488","10940292","NULL","OPEN","NULL","tom","NULL","","","NULL","","WI","12345","","NULL","here@there.com","NULL","20300101","NULL","NULL","NULL","NULL","NULL","NULL"
"10a34e13-5cc9-4780-bb9c-e187fdded6e0","MEM_SYN","160","8488","10940305","NULL","OPEN","NULL","tom","NULL","","","NULL","","WI","12345","","NULL","here@there.com","NULL","20300101","NULL","NULL","NULL","NULL","NULL","NULL"
"91263234-7907-45ab-90c9-00fbf96989b6","MEM_SYN","160","8488","10940318","NULL","OPEN","NULL","tom","NULL","","","NULL","","WI","12345","","NULL","here@there.com","NULL","20300101","NULL","NULL","NULL","NULL","NULL","NULL"
"4c8efaae-0820-49a9-b48b-d4f318dee909","MEM_SYN","160","8488","10940331","NULL","OPEN","NULL","tom","NULL","","","NULL","","WI","12345","","NULL","here@there.com","NULL","20300101","NULL","NULL","NULL","NULL","NULL","NULL"
"684e61ec-b2b1-4943-81df-9ebd8698dd74","MEM_SYN","160","8488","10941527","NULL","OPEN","NULL","","NULL","","NULL","NULL","NULL","NULL","NULL","NULL","NULL","NULL","NULL","20270101","NULL","NULL","NULL","NULL","NULL","NULL"
"5ac8956f-f311-460a-918a-e012900cc975","MEM_SYN","160","8488","10941826","NULL","OPEN","NULL","","NULL","","NULL","NULL","NULL","NULL","NULL","NULL","NULL","NULL","NULL","20260101","NULL","NULL","NULL","NULL","NULL","NULL"
"2f0beb49-93d2-4b30-8dd7-bcf65f113457","MEM_SYN","160","8488","10942268","NULL","OPEN","NULL","","NULL","","NULL","NULL","NULL","NULL","NULL","NULL","NULL","NULL","NULL","20260101","NULL","NULL","NULL","NULL","NULL","NULL"
"99e12717-a210-4986-95e9-1eae32542297","MEM_SYN","160","8488","10942281","NULL","OPEN","NULL","","NULL","","NULL","NULL","NULL","NULL","NULL","NULL","NULL","NULL","NULL","20280101","NULL","NULL","NULL","NULL","NULL","NULL"
"e804ead3-94a4-4faa-97c2-d9f12386e012","MEM_SYN","160","8488","10942528","NULL","OPEN","NULL","","NULL","","NULL","NULL","NULL","NULL","NULL","NULL","NULL","NULL","NULL","20280101","NULL","NULL","NULL","NULL","NULL","NULL"
"a082792b-5839-4aba-9458-24cd0395f460","MEM_SYN","160","8488","10942606","NULL","OPEN","NULL","","NULL","","NULL","NULL","NULL","NULL","NULL","NULL","NULL","NULL","NULL","20260101","NULL","NULL","NULL","NULL","NULL","NULL"
"5f588ac5-5346-47d2-9559-afc61be44662","MEM_SYN","160","8488","10942619","NULL","OPEN","NULL","","NULL","","NULL","NULL","NULL","NULL","NULL","NULL","NULL","NULL","NULL","20260101","NULL","NULL","NULL","NULL","NULL","NULL"
"19890a2f-848c-4977-b265-b119f292df9b","MEM_SYN","160","8488","10942632","NULL","OPEN","NULL","","NULL","","NULL","NULL","NULL","NULL","NULL","NULL","NULL","NULL","NULL","20260101","NULL","NULL","NULL","NULL","NULL","NULL"
"ec54d5af-78b4-4a77-98fa-5ac61f50677f","MEM_SYN","160","8488","10942645","NULL","OPEN","NULL","","NULL","","NULL","NULL","NULL","NULL","NULL","NULL","NULL","NULL","NULL","20260101","NULL","NULL","NULL","NULL","NULL","NULL"
"0ecf4254-4a8c-4824-9cdc-cbe698205f94","MEM_SYN","160","8488","10942658","NULL","OPEN","NULL","","NULL","","NULL","NULL","NULL","NULL","NULL","NULL","NULL","NULL","NULL","20260101","NULL","NULL","NULL","NULL","NULL","NULL"
"256e2e33-618e-4ad9-99a6-f3a776fdc4b1","MEM_SYN","160","8488","10942671","NULL","OPEN","NULL","","NULL","","NULL","NULL","NULL","NULL","NULL","NULL","NULL","NULL","NULL","20260101","NULL","NULL","NULL","NULL","NULL","NULL"
"fcb042d2-147e-4556-bd35-170aa6a10261","MEM_SYN","160","8488","10942684","NULL","OPEN","NULL","","NULL","","NULL","NULL","NULL","NULL","NULL","NULL","NULL","NULL","NULL","20260101","NULL","NULL","NULL","NULL","NULL","NULL"
"770b4f63-8427-48e8-a7dc-a94e16583762","MEM_SYN","160","8488","10942697","NULL","OPEN","NULL","","NULL","","NULL","NULL","NULL","NULL","NULL","NULL","NULL","NULL","NULL","20260101","NULL","NULL","NULL","NULL","NULL","NULL"
"b0d20f5b-4721-4c0a-9e06-8e072ebaaf84","MEM_SYN","160","8488","10942710","NULL","OPEN","NULL","","NULL","","NULL","NULL","NULL","NULL","NULL","NULL","NULL","NULL","NULL","20270101","NULL","NULL","NULL","NULL","NULL","NULL"
"6c1a7837-39fb-498a-9b1f-7f3783e1e017","MEM_SYN","160","8488","10942723","NULL","OPEN","NULL","","NULL","","NULL","NULL","NULL","NULL","NULL","NULL","NULL","NULL","NULL","20270101","NULL","NULL","NULL","NULL","NULL","NULL"
"d22ae9cf-35ff-4dc3-954f-1a453f41089a","MEM_SYN","160","8488","10942736","NULL","OPEN","NULL","","NULL","","NULL","NULL","NULL","NULL","NULL","NULL","NULL","NULL","NULL","20270101","NULL","NULL","NULL","NULL","NULL","NULL"
"7aed036a-d0f0-4466-870d-f047076a71e2","MEM_SYN","160","8488","10942749","NULL","OPEN","NULL","","NULL","","NULL","NULL","NULL","NULL","NULL","NULL","NULL","NULL","NULL","20270101","NULL","NULL","NULL","NULL","NULL","NULL"
"e32f7dba-588f-417e-bb63-9828fb10158f","MEM_SYN","160","8488","10942762","NULL","OPEN","NULL","","NULL","","NULL","NULL","NULL","NULL","NULL","NULL","NULL","NULL","NULL","20270101","NULL","NULL","NULL","NULL","NULL","NULL"
"36c0eb03-dffc-4114-8d00-40221bbf5838","MEM_SYN","160","8488","10942775","NULL","OPEN","NULL","","NULL","","NULL","NULL","NULL","NULL","NULL","NULL","NULL","NULL","NULL","20270101","NULL","NULL","NULL","NULL","NULL","NULL"
"ac97c3a9-4026-4cd4-8401-c2b61ee70779","MEM_SYN","160","8488","10942788","NULL","OPEN","NULL","","NULL","","NULL","NULL","NULL","NULL","NULL","NULL","NULL","NULL","NULL","20270101","NULL","NULL","NULL","NULL","NULL","NULL"
"e8091ae3-0061-4e20-8592-0b33956f2b2c","MEM_SYN","160","8488","10942801","NULL","OPEN","NULL","","NULL","","NULL","NULL","NULL","NULL","NULL","NULL","NULL","NULL","NULL","20280101","NULL","NULL","NULL","NULL","NULL","NULL"
"36944e14-4a6d-40d6-9b1a-c9925fea3d42","MEM_SYN","160","8488","10942814","NULL","OPEN","NULL","","NULL","","NULL","NULL","NULL","NULL","NULL","NULL","NULL","NULL","NULL","20280101","NULL","NULL","NULL","NULL","NULL","NULL"
"fd4b8d08-6ba7-4225-8e45-e6e811bc2368","MEM_SYN","160","8488","10942827","NULL","OPEN","NULL","","NULL","","NULL","NULL","NULL","NULL","NULL","NULL","NULL","NULL","NULL","20270101","NULL","NULL","NULL","NULL","NULL","NULL"
"88ea96c9-9129-4bce-a2ac-fa5e0823bc20","MEM_SYN","160","8488","10942840","NULL","OPEN","NULL","","NULL","","NULL","NULL","NULL","NULL","NULL","NULL","NULL","NULL","NULL","20280101","NULL","NULL","NULL","NULL","NULL","NULL"
"82f35670-3c58-48e1-9e9c-6fb221988abf","MEM_SYN","160","8488","10942853","NULL","OPEN","NULL","","NULL","","NULL","NULL","NULL","NULL","NULL","NULL","NULL","NULL","NULL","20280101","NULL","NULL","NULL","NULL","NULL","NULL"
"85b2e671-5532-4167-b605-68f0409f5b11","MEM_SYN","160","8488","10942866","NULL","OPEN","NULL","","NULL","","NULL","NULL","NULL","NULL","NULL","NULL","NULL","NULL","NULL","20280101","NULL","NULL","NULL","NULL","NULL","NULL"
"568827f0-b9d5-4fcd-93bc-8ffa20933c6e","MEM_SYN","160","8488","10942879","NULL","OPEN","NULL","","NULL","","NULL","NULL","NULL","NULL","NULL","NULL","NULL","NULL","NULL","20280101","NULL","NULL","NULL","NULL","NULL","NULL"
"20448ea0-3bc4-4753-991e-e86c14baea40","MEM_SYN","160","8488","10942892","NULL","OPEN","NULL","","NULL","","NULL","NULL","NULL","NULL","NULL","NULL","NULL","NULL","NULL","20280101","NULL","NULL","NULL","NULL","NULL","NULL"
"f791062d-df9c-47ec-aad0-40367cd888ae","MEM_SYN","160","8488","10939928","NULL","OPEN","NULL","","NULL","","NULL","NULL","NULL","NULL","NULL","NULL","NULL","NULL","NULL","20280101","NULL","NULL","NULL","NULL","NULL","NULL"
"2b67fad9-7bda-490b-8210-f04c61d2f6e1","MEM_SYN","160","8488","10940227","NULL","OPEN","NULL","","NULL","","NULL","NULL","NULL","NULL","NULL","NULL","NULL","NULL","NULL","20270101","NULL","NULL","NULL","NULL","NULL","NULL"
"7212da04-77b7-4149-bd27-afec23ef48b2","MEM_SYN","160","8488","10940266","NULL","OPEN","NULL","","NULL","","NULL","NULL","NULL","NULL","NULL","NULL","NULL","NULL","NULL","20260101","NULL","NULL","NULL","NULL","NULL","NULL"
"b78331ad-a5e8-4039-8dfd-5666972fe383","MEM_SYN","160","8488","10940279","NULL","OPEN","NULL","","NULL","","NULL","NULL","NULL","NULL","NULL","NULL","NULL","NULL","NULL","20270101","NULL","NULL","NULL","NULL","NULL","NULL"
"e00f1ebe-eb39-40aa-890b-df60364423b4","MEM_SYN","160","8488","10940526","NULL","OPEN","NULL","","NULL","","NULL","NULL","NULL","NULL","NULL","NULL","NULL","NULL","NULL","20260101","NULL","NULL","NULL","NULL","NULL","NULL"
"ddf6f921-82bd-4487-bde0-2fe02df2a0fc","MEM_SYN","160","8488","10941228","NULL","OPEN","NULL","","NULL","","NULL","NULL","NULL","NULL","NULL","NULL","NULL","NULL","NULL","20280101","NULL","NULL","NULL","NULL","NULL","NULL"
"323c5024-7fc7-4629-8d62-db298aa10ea5","MEM_SYN","160","8488","10941267","NULL","OPEN","NULL","","NULL","","NULL","NULL","NULL","NULL","NULL","NULL","NULL","NULL","NULL","20260101","NULL","NULL","NULL","NULL","NULL","NULL"
"69a3ae66-91fd-4c64-b674-0f154d8dff74","MEM_SYN","160","8488","10941280","NULL","OPEN","NULL","","NULL","","NULL","NULL","NULL","NULL","NULL","NULL","NULL","NULL","NULL","20280101","NULL","NULL","NULL","NULL","NULL","NULL"
"eef53fdd-4c1c-4445-aa11-013904dda97b","MEM_SYN","160","8488","10943126","NULL","OPEN","NULL","","NULL","","NULL","NULL","NULL","NULL","NULL","NULL","NULL","NULL","NULL","20260101","NULL","NULL","NULL","NULL","NULL","NULL"
"31915800-4f91-4f63-8918-5f6a134f5e89","MEM_SYN","160","8488","10943269","NULL","OPEN","NULL","","NULL","","NULL","NULL","NULL","NULL","NULL","NULL","NULL","NULL","NULL","20260101","NULL","NULL","NULL","NULL","NULL","NULL"
"5ba9f24a-d632-4a18-be71-962ae34b71b4","MEM_SYN","160","8488","10943282","NULL","OPEN","NULL","","NULL","","NULL","NULL","NULL","NULL","NULL","NULL","NULL","NULL","NULL","20280101","NULL","NULL","NULL","NULL","NULL","NULL"
"1a43f574-c76d-4d33-8c86-6ad69702a2ba","MEM_SYN","160","8488","10943828","NULL","OPEN","NULL","","NULL","","NULL","NULL","NULL","NULL","NULL","NULL","NULL","NULL","NULL","20280101","NULL","NULL","NULL","NULL","NULL","NULL"
"ab897090-6e13-4c60-bfc8-8df0756749ef","MEM_SYN","160","8488","10944127","NULL","OPEN","NULL","","NULL","","NULL","NULL","NULL","NULL","NULL","NULL","NULL","NULL","NULL","20270101","NULL","NULL","NULL","NULL","NULL","NULL"
"90611b8e-c880-4643-9be6-57043a7a2595","MEM_SYN","160","8488","10944270","NULL","OPEN","NULL","","NULL","","NULL","NULL","NULL","NULL","NULL","NULL","NULL","NULL","NULL","20270101","NULL","NULL","NULL","NULL","NULL","NULL"
"82720a2f-c7e8-4b1a-bdac-e4f5379ca87f","MEM_SYN","160","8488","10944283","NULL","OPEN","NULL","","NULL","","NULL","NULL","NULL","NULL","NULL","NULL","NULL","NULL","NULL","20280101","NULL","NULL","NULL","NULL","NULL","NULL"
"5350b3a8-6121-4f76-9912-bc3bf6f1a4b3","MEM_SYN","160","8488","10944426","NULL","OPEN","NULL","","NULL","","NULL","NULL","NULL","NULL","NULL","NULL","NULL","NULL","NULL","20260101","NULL","NULL","NULL","NULL","NULL","NULL"
"b6983703-d46b-48c5-9786-dcdd010c3694","MEM_SYN","160","8488","10939551","NULL","OPEN","NULL","tom","NULL","","","NULL","","WI","12345","","NULL","here@there.com","NULL","20300101","NULL","NULL","NULL","NULL","NULL","NULL"
"d985f395-98b8-4be4-9fe1-de424eced2e9","MEM_SYN","160","8488","10939564","NULL","OPEN","NULL","tom","NULL","","","NULL","","WI","12345","","NULL","here@there.com","NULL","20300101","NULL","NULL","NULL","NULL","NULL","NULL"
"585caaa1-a07f-46df-9494-b8dc79349b02","MEM_SYN","160","8488","10940344","NULL","OPEN","NULL","tom","NULL","","","NULL","","WI","12345","","NULL","here@there.com","NULL","20300101","NULL","NULL","NULL","NULL","NULL","NULL"
"60fc5783-7abd-4a82-a517-bcd3e2908729","MEM_SYN","160","8488","10940357","NULL","OPEN","NULL","tom","NULL","","","NULL","","WI","12345","","NULL","here@there.com","NULL","20300101","NULL","NULL","NULL","NULL","NULL","NULL"
"067c0f87-4fb2-4d98-a93c-2761882fd5ec","MEM_SYN","160","8488","10940370","NULL","OPEN","NULL","tom","NULL","","","NULL","","WI","12345","","NULL","here@there.com","NULL","20300101","NULL","NULL","NULL","NULL","NULL","NULL"
"5d163f66-b4b8-403c-832a-71f3a96aa9af","MEM_SYN","160","8488","10940383","NULL","OPEN","NULL","tom","NULL","","","NULL","","WI","12345","","NULL","here@there.com","NULL","20300101","NULL","NULL","NULL","NULL","NULL","NULL"
"18fd3755-4762-4307-9d4f-b31cdfc724b9","MEM_SYN","160","8488","10940396","NULL","OPEN","NULL","tom","NULL","","","NULL","","WI","12345","","NULL","here@there.com","NULL","20300101","NULL","NULL","NULL","NULL","NULL","NULL"
"1ae81ec2-f640-441b-9312-65c5849e215f","MEM_SYN","160","8488","10940409","NULL","OPEN","NULL","tom","NULL","","","NULL","","WI","12345","","NULL","here@there.com","NULL","20300101","NULL","NULL","NULL","NULL","NULL","NULL"
"0d2d4e1b-a133-4815-a99d-e3be3be2c993","MEM_SYN","160","8488","10940422","NULL","OPEN","NULL","tom","NULL","","","NULL","","WI","12345","","NULL","here@there.com","NULL","20300101","NULL","NULL","NULL","NULL","NULL","NULL"
"e4c1d1b4-3914-43dc-945e-ba9e27b233d7","MEM_SYN","160","8488","10940435","NULL","OPEN","NULL","tom","NULL","","","NULL","","WI","12345","","NULL","here@there.com","NULL","20300101","NULL","NULL","NULL","NULL","NULL","NULL"
"ca3666f8-b72d-4ace-9967-5c633a6e7e71","MEM_SYN","160","8488","10940448","NULL","OPEN","NULL","tom","NULL","","","NULL","","WI","12345","","NULL","here@there.com","NULL","20300101","NULL","NULL","NULL","NULL","NULL","NULL"
